episode_id,frame_10hz,sim_time_s,row_phase
circuito-completo__landing-01,1043,104.31666666666668,CONTACT_CANDIDATE
circuito-completo__landing-01,1044,104.41666666666669,CONTACT_CANDIDATE
circuito-completo__landing-01,1060,106.01666666666668,CONTACT_CANDIDATE
circuito-completo__landing-01,1061,106.11666666666667,CONTACT_CANDIDATE
circuito-completo__landing-01,1062,106.21666666666668,CONTACT_CANDIDATE
circuito-completo__landing-01,1063,106.31666666666668,CONTACT_CANDIDATE
circuito-completo__landing-01,1064,106.41666666666669,CONTACT_CANDIDATE
circuito-completo__landing-01,1065,106.51666666666668,ROLLOUT
circuito-completo__landing-01,1066,106.61666666666667,ROLLOUT
circuito-completo__landing-01,1067,106.71666666666668,ROLLOUT
circuito-completo__landing-01,1068,106.81666666666668,ROLLOUT
circuito-completo__landing-01,1069,106.91666666666669,ROLLOUT
circuito-completo__landing-01,1070,107.01666666666668,ROLLOUT
circuito-completo__landing-01,1071,107.11666666666667,ROLLOUT
circuito-completo__landing-01,1072,107.21666666666668,ROLLOUT
circuito-completo__landing-01,1073,107.31666666666668,ROLLOUT
circuito-completo__landing-01,1074,107.41666666666669,ROLLOUT
circuito-completo__landing-01,1075,107.51666666666668,ROLLOUT
circuito-completo__landing-01,1076,107.61666666666667,ROLLOUT
circuito-completo__landing-01,1077,107.71666666666668,ROLLOUT
circuito-completo__landing-01,1078,107.81666666666668,ROLLOUT
circuito-completo__landing-01,1079,107.91666666666669,ROLLOUT
circuito-completo__landing-01,1080,108.01666666666668,ROLLOUT
circuito-completo__landing-01,1081,108.11666666666667,ROLLOUT
circuito-completo__landing-01,1082,108.21666666666668,ROLLOUT
circuito-completo__landing-01,1083,108.31666666666668,ROLLOUT
circuito-completo__landing-01,1084,108.41666666666669,ROLLOUT
circuito-completo__landing-01,1085,108.51666666666668,ROLLOUT
circuito-completo__landing-01,1086,108.61666666666667,ROLLOUT
circuito-completo__landing-01,1087,108.71666666666668,ROLLOUT
circuito-completo__landing-01,1088,108.81666666666668,ROLLOUT
circuito-completo__landing-01,1089,108.91666666666669,ROLLOUT
circuito-completo__landing-01,1090,109.01666666666668,ROLLOUT
circuito-completo__landing-01,1091,109.11666666666667,ROLLOUT
circuito-completo__landing-01,1092,109.21666666666668,ROLLOUT
circuito-completo__landing-01,1093,109.31666666666668,ROLLOUT
circuito-completo__landing-01,1094,109.41666666666669,ROLLOUT
circuito-completo__landing-01,1095,109.51666666666668,ROLLOUT
circuito-completo__landing-01,1096,109.61666666666667,ROLLOUT
circuito-completo__landing-01,1097,109.71666666666668,ROLLOUT
circuito-completo__landing-01,1098,109.81666666666668,ROLLOUT
circuito-completo__landing-01,1099,109.91666666666669,ROLLOUT
circuito-completo__landing-01,1100,110.01666666666668,ROLLOUT
circuito-completo__landing-01,1101,110.11666666666667,ROLLOUT
circuito-completo__landing-01,1102,110.21666666666668,ROLLOUT
circuito-completo__landing-01,1103,110.31666666666668,ROLLOUT
circuito-completo__landing-01,1104,110.41666666666669,ROLLOUT
circuito-completo__landing-01,1105,110.51666666666668,ROLLOUT
circuito-completo__landing-01,1106,110.61666666666667,ROLLOUT
circuito-completo__landing-01,1107,110.71666666666668,ROLLOUT
circuito-completo__landing-01,1108,110.81666666666668,ROLLOUT
circuito-completo__landing-01,1109,110.91666666666669,ROLLOUT
circuito-completo__landing-01,1110,111.01666666666668,ROLLOUT
circuito-completo__landing-01,1111,111.11666666666667,ROLLOUT
circuito-completo__landing-01,1112,111.21666666666668,ROLLOUT
circuito-completo__landing-01,1113,111.31666666666668,ROLLOUT
circuito-completo__landing-01,1114,111.41666666666669,ROLLOUT
circuito-completo__landing-01,1115,111.51666666666668,ROLLOUT
circuito-completo__landing-01,1116,111.61666666666667,ROLLOUT
circuito-completo__landing-01,1117,111.71666666666668,ROLLOUT
circuito-completo__landing-01,1118,111.81666666666668,ROLLOUT
circuito-completo__landing-01,1119,111.91666666666669,ROLLOUT
circuito-completo__landing-01,1120,112.01666666666668,ROLLOUT
circuito-completo__landing-01,1121,112.11666666666667,ROLLOUT
circuito-completo__landing-01,1122,112.21666666666668,ROLLOUT
circuito-completo__landing-01,1123,112.31666666666668,ROLLOUT
circuito-completo__landing-01,1124,112.41666666666669,ROLLOUT
circuito-completo__landing-01,1125,112.51666666666668,ROLLOUT
circuito-completo__landing-01,1126,112.61666666666667,ROLLOUT
circuito-completo__landing-01,1127,112.71666666666668,ROLLOUT
circuito-completo__landing-01,1128,112.81666666666668,ROLLOUT
circuito-completo__landing-01,1129,112.91666666666669,ROLLOUT
circuito-completo__landing-01,1130,113.01666666666668,ROLLOUT
circuito-completo__landing-01,1131,113.11666666666667,ROLLOUT
circuito-completo__landing-01,1132,113.21666666666668,ROLLOUT
circuito-completo__landing-01,1133,113.31666666666668,ROLLOUT
circuito-completo__landing-01,1134,113.41666666666669,ROLLOUT
circuito-completo__landing-01,1135,113.51666666666668,ROLLOUT
circuito-completo__landing-01,1136,113.61666666666667,ROLLOUT
circuito-completo__landing-01,1137,113.71666666666668,ROLLOUT
circuito-completo__landing-01,1138,113.81666666666668,ROLLOUT
circuito-completo__landing-01,1139,113.91666666666669,ROLLOUT
circuito-completo__landing-01,1140,114.01666666666668,ROLLOUT
circuito-completo__landing-01,1141,114.11666666666667,ROLLOUT
circuito-completo__landing-01,1142,114.21666666666668,ROLLOUT
circuito-completo__landing-01,1143,114.31666666666668,ROLLOUT
circuito-completo__landing-01,1144,114.41666666666669,ROLLOUT
circuito-completo__landing-01,1145,114.51666666666668,ROLLOUT
circuito-completo__landing-01,1146,114.61666666666667,ROLLOUT
circuito-completo__landing-01,1147,114.71666666666668,ROLLOUT
circuito-completo__landing-01,1148,114.81666666666668,ROLLOUT
circuito-completo__landing-01,1149,114.91666666666669,ROLLOUT
circuito-completo__landing-01,1150,115.01666666666668,ROLLOUT
circuito-completo__landing-01,1151,115.11666666666667,ROLLOUT
circuito-completo__landing-01,1152,115.21666666666668,ROLLOUT
circuito-completo__landing-01,1153,115.31666666666668,ROLLOUT
circuito-completo__landing-01,1154,115.41666666666669,ROLLOUT
circuito-completo__landing-01,1155,115.51666666666668,ROLLOUT
circuito-completo__landing-01,1156,115.61666666666667,ROLLOUT
circuito-completo__landing-01,1157,115.71666666666668,ROLLOUT
circuito-completo__landing-01,1158,115.81666666666668,ROLLOUT
circuito-completo__landing-01,1159,115.91666666666669,ROLLOUT
circuito-completo__landing-01,1160,116.01666666666668,ROLLOUT
circuito-completo__landing-01,1161,116.11666666666667,ROLLOUT
circuito-completo__landing-01,1162,116.21666666666668,ROLLOUT
circuito-completo__landing-01,1163,116.31666666666668,ROLLOUT
circuito-completo__landing-01,1164,116.41666666666669,ROLLOUT
circuito-completo__landing-01,1165,116.51666666666668,ROLLOUT
circuito-completo__landing-01,1166,116.61666666666667,ROLLOUT
circuito-completo__landing-01,1167,116.71666666666668,ROLLOUT
circuito-completo__landing-01,1168,116.81666666666668,ROLLOUT
circuito-completo__landing-01,1169,116.91666666666669,ROLLOUT
circuito-completo__landing-01,1170,117.01666666666668,ROLLOUT
circuito-completo__landing-01,1171,117.11666666666667,ROLLOUT
circuito-completo__landing-01,1172,117.21666666666668,ROLLOUT
circuito-completo__landing-01,1173,117.31666666666668,ROLLOUT
circuito-completo__landing-01,1174,117.41666666666669,ROLLOUT
circuito-completo__landing-01,1175,117.51666666666668,ROLLOUT
circuito-completo__landing-01,1176,117.61666666666667,ROLLOUT
circuito-completo__landing-01,1177,117.71666666666668,ROLLOUT
circuito-completo__landing-01,1178,117.81666666666668,ROLLOUT
circuito-completo__landing-01,1179,117.91666666666669,ROLLOUT
circuito-completo__landing-01,1180,118.01666666666668,ROLLOUT
circuito-completo__landing-01,1181,118.11666666666667,ROLLOUT
circuito-completo__landing-01,1182,118.21666666666668,ROLLOUT
circuito-completo__landing-01,1183,118.31666666666668,ROLLOUT
circuito-completo__landing-01,1184,118.41666666666669,ROLLOUT
circuito-completo__landing-01,1185,118.51666666666668,ROLLOUT
circuito-completo__landing-01,1186,118.61666666666667,ROLLOUT
circuito-completo__landing-01,1187,118.71666666666668,ROLLOUT
circuito-completo__landing-01,1188,118.81666666666668,ROLLOUT
circuito-completo__landing-01,1189,118.91666666666669,ROLLOUT
circuito-completo__landing-01,1190,119.01666666666668,ROLLOUT
circuito-completo__landing-01,1191,119.11666666666667,ROLLOUT
circuito-completo__landing-01,1192,119.21666666666668,ROLLOUT
circuito-completo__landing-01,1193,119.31666666666668,ROLLOUT
circuito-completo__landing-01,1194,119.41666666666669,ROLLOUT
circuito-completo__landing-01,1195,119.51666666666668,ROLLOUT
circuito-completo__landing-01,1196,119.61666666666667,ROLLOUT
circuito-completo__landing-01,1197,119.71666666666668,ROLLOUT
circuito-completo__landing-01,1198,119.81666666666668,ROLLOUT
circuito-completo__landing-01,1199,119.91666666666669,ROLLOUT
circuito-completo__landing-01,1200,120.01666666666668,ROLLOUT
circuito-completo__landing-01,1201,120.11666666666667,ROLLOUT
circuito-completo__landing-01,1202,120.21666666666668,ROLLOUT
circuito-completo__landing-01,1203,120.31666666666668,ROLLOUT
circuito-completo__landing-01,1204,120.41666666666669,ROLLOUT
circuito-completo__landing-01,1205,120.51666666666668,ROLLOUT
circuito-completo__landing-01,1206,120.61666666666667,ROLLOUT
circuito-completo__landing-01,1207,120.71666666666668,ROLLOUT
circuito-completo__landing-01,1208,120.81666666666668,ROLLOUT
circuito-completo__landing-01,1209,120.91666666666669,ROLLOUT
circuito-completo__landing-01,1210,121.01666666666668,ROLLOUT
circuito-completo__landing-01,1211,121.11666666666667,ROLLOUT
circuito-completo__landing-01,1212,121.21666666666668,ROLLOUT
circuito-completo__landing-01,1213,121.31666666666668,ROLLOUT
circuito-completo__landing-01,1214,121.41666666666669,ROLLOUT
circuito-completo__landing-01,1215,121.51666666666668,ROLLOUT
circuito-completo__landing-01,1216,121.61666666666667,ROLLOUT
circuito-completo__landing-01,1217,121.71666666666668,ROLLOUT
circuito-completo__landing-01,1218,121.81666666666668,ROLLOUT
circuito-completo__landing-01,1219,121.91666666666669,ROLLOUT
circuito-completo__landing-01,1220,122.01666666666668,ROLLOUT
circuito-completo__landing-01,1221,122.11666666666667,ROLLOUT
circuito-completo__landing-01,1222,122.21666666666668,ROLLOUT
circuito-completo__landing-01,1223,122.31666666666668,ROLLOUT
circuito-completo__landing-01,1224,122.41666666666669,ROLLOUT
circuito-completo__landing-01,1225,122.51666666666668,ROLLOUT
circuito-completo__landing-01,1226,122.61666666666667,ROLLOUT
circuito-completo__landing-01,1227,122.71666666666668,ROLLOUT
circuito-completo__landing-01,1228,122.81666666666668,ROLLOUT
circuito-completo__landing-01,1229,122.91666666666669,ROLLOUT
circuito-completo__landing-01,1230,123.01666666666668,ROLLOUT
circuito-completo__landing-01,1231,123.11666666666667,ROLLOUT
circuito-completo__landing-01,1232,123.21666666666668,ROLLOUT
circuito-completo__landing-01,1233,123.31666666666668,ROLLOUT
circuito-completo__landing-01,1234,123.41666666666669,ROLLOUT
circuito-completo__landing-01,1235,123.51666666666668,ROLLOUT
circuito-completo__landing-01,1236,123.61666666666667,ROLLOUT
circuito-completo__landing-01,1237,123.71666666666668,ROLLOUT
circuito-completo__landing-01,1238,123.81666666666668,ROLLOUT
circuito-completo__landing-01,1239,123.91666666666669,ROLLOUT
circuito-completo__landing-01,1240,124.01666666666668,ROLLOUT
circuito-completo__landing-01,1241,124.11666666666667,ROLLOUT
circuito-completo__landing-01,1242,124.21666666666668,ROLLOUT
circuito-completo__landing-01,1243,124.31666666666668,ROLLOUT
circuito-completo__landing-01,1244,124.41666666666669,ROLLOUT
circuito-completo__landing-01,1245,124.51666666666668,ROLLOUT
circuito-completo__landing-01,1246,124.61666666666667,ROLLOUT
circuito-completo__landing-01,1247,124.71666666666668,ROLLOUT
circuito-completo__landing-01,1248,124.81666666666668,ROLLOUT
circuito-completo__landing-01,1249,124.91666666666669,ROLLOUT
circuito-completo__landing-01,1250,125.01666666666668,ROLLOUT
circuito-completo__landing-01,1251,125.11666666666667,ROLLOUT
circuito-completo__landing-01,1252,125.21666666666668,ROLLOUT
circuito-completo__landing-01,1253,125.31666666666668,ROLLOUT
circuito-completo__landing-01,1254,125.41666666666669,ROLLOUT
circuito-completo__landing-01,1255,125.51666666666668,ROLLOUT
circuito-completo__landing-01,1256,125.61666666666667,ROLLOUT
circuito-completo__landing-01,1257,125.71666666666668,ROLLOUT
circuito-completo__landing-01,1258,125.81666666666668,ROLLOUT
circuito-completo__landing-01,1259,125.91666666666669,ROLLOUT
circuito-completo__landing-01,1260,126.01666666666668,ROLLOUT
circuito-completo__landing-01,1261,126.11666666666667,ROLLOUT
circuito-completo__landing-01,1262,126.21666666666668,ROLLOUT
circuito-completo__landing-01,1263,126.31666666666668,ROLLOUT
circuito-completo__landing-01,1264,126.41666666666669,ROLLOUT
circuito-completo__landing-01,1265,126.51666666666668,ROLLOUT
circuito-completo__landing-01,1266,126.61666666666667,ROLLOUT
circuito-completo__landing-01,1267,126.71666666666668,ROLLOUT
circuito-completo__landing-01,1268,126.81666666666668,ROLLOUT
circuito-completo__landing-01,1269,126.91666666666669,ROLLOUT
circuito-completo__landing-01,1270,127.01666666666668,ROLLOUT
circuito-completo__landing-01,1271,127.11666666666667,ROLLOUT
circuito-completo__landing-01,1272,127.21666666666668,ROLLOUT
circuito-completo__landing-01,1273,127.31666666666668,ROLLOUT
circuito-completo__landing-01,1274,127.41666666666669,ROLLOUT
circuito-completo__landing-01,1275,127.51666666666668,ROLLOUT
circuito-completo__landing-01,1276,127.61666666666667,ROLLOUT
circuito-completo__landing-01,1277,127.71666666666668,ROLLOUT
circuito-completo__landing-01,1278,127.81666666666668,ROLLOUT
circuito-completo__landing-01,1279,127.91666666666669,ROLLOUT
circuito-completo__landing-01,1280,128.01666666666668,ROLLOUT
circuito-completo__landing-01,1281,128.11666666666667,ROLLOUT
circuito-completo__landing-01,1282,128.2166666666667,ROLLOUT
circuito-completo__landing-01,1283,128.3166666666667,ROLLOUT
circuito-completo__landing-01,1284,128.41666666666669,ROLLOUT
circuito-completo__landing-01,1285,128.51666666666668,ROLLOUT
circuito-completo__landing-01,1286,128.61666666666667,ROLLOUT
circuito-completo__landing-01,1287,128.7166666666667,ROLLOUT
circuito-completo__landing-01,1288,128.8166666666667,ROLLOUT
circuito-completo__landing-01,1289,128.91666666666669,ROLLOUT
circuito-completo__landing-01,1290,129.01666666666668,ROLLOUT
circuito-completo__landing-01,1291,129.11666666666667,ROLLOUT
circuito-completo__landing-01,1292,129.2166666666667,ROLLOUT
circuito-completo__landing-01,1293,129.3166666666667,ROLLOUT
circuito-completo__landing-01,1294,129.41666666666669,ROLLOUT
circuito-completo__landing-01,1295,129.51666666666668,ROLLOUT
circuito-completo__landing-01,1296,129.61666666666667,ROLLOUT
circuito-completo__landing-01,1297,129.7166666666667,ROLLOUT
circuito-completo__landing-01,1298,129.8166666666667,ROLLOUT
circuito-completo__landing-01,1299,129.91666666666669,ROLLOUT
circuito-completo__landing-01,1300,130.01666666666668,ROLLOUT
circuito-completo__landing-01,1301,130.11666666666667,ROLLOUT
circuito-completo__landing-01,1302,130.2166666666667,ROLLOUT
circuito-completo__landing-01,1303,130.3166666666667,ROLLOUT
circuito-completo__landing-01,1304,130.41666666666669,ROLLOUT
circuito-completo__landing-01,1305,130.51666666666668,ROLLOUT
circuito-completo__landing-01,1306,130.61666666666667,ROLLOUT
circuito-completo__landing-01,1307,130.7166666666667,ROLLOUT
circuito-completo__landing-01,1308,130.8166666666667,ROLLOUT
circuito-completo__landing-01,1309,130.91666666666669,ROLLOUT
circuito-completo__landing-01,1310,131.01666666666668,ROLLOUT
circuito-completo__landing-01,1311,131.11666666666667,ROLLOUT
circuito-completo__landing-01,1312,131.2166666666667,COMPLETE
circuito-completo__landing-02,1187,415.3666666667201,CONTACT_CANDIDATE
circuito-completo__landing-02,1188,415.4666666667201,CONTACT_CANDIDATE
circuito-completo__landing-02,1206,417.2666666667201,CONTACT_CANDIDATE
circuito-completo__landing-02,1207,417.3666666667201,CONTACT_CANDIDATE
circuito-completo__landing-02,1208,417.4666666667201,CONTACT_CANDIDATE
circuito-completo__landing-02,1219,418.56666666672,CONTACT_CANDIDATE
circuito-completo__landing-02,1220,418.66666666672006,CONTACT_CANDIDATE
circuito-completo__landing-02,1221,418.7666666667201,CONTACT_CANDIDATE
circuito-completo__landing-02,1222,418.8666666667201,CONTACT_CANDIDATE
circuito-completo__landing-02,1223,418.9666666667201,CONTACT_CANDIDATE
circuito-completo__landing-02,1224,419.06666666672,ROLLOUT
circuito-completo__landing-02,1225,419.16666666672006,ROLLOUT
circuito-completo__landing-02,1226,419.2666666667201,ROLLOUT
circuito-completo__landing-02,1227,419.3666666667201,ROLLOUT
circuito-completo__landing-02,1228,419.4666666667201,ROLLOUT
circuito-completo__landing-02,1229,419.56666666672,ROLLOUT
circuito-completo__landing-02,1230,419.66666666672006,ROLLOUT
circuito-completo__landing-02,1231,419.7666666667201,ROLLOUT
circuito-completo__landing-02,1232,419.8666666667201,ROLLOUT
circuito-completo__landing-02,1233,419.9666666667201,ROLLOUT
circuito-completo__landing-02,1234,420.06666666672,ROLLOUT
circuito-completo__landing-02,1235,420.16666666672006,ROLLOUT
circuito-completo__landing-02,1236,420.2666666667201,ROLLOUT
circuito-completo__landing-02,1237,420.3666666667201,ROLLOUT
circuito-completo__landing-02,1238,420.4666666667201,ROLLOUT
circuito-completo__landing-02,1239,420.56666666672,ROLLOUT
circuito-completo__landing-02,1240,420.66666666672006,ROLLOUT
circuito-completo__landing-02,1241,420.7666666667201,ROLLOUT
circuito-completo__landing-02,1242,420.8666666667201,ROLLOUT
circuito-completo__landing-02,1243,420.9666666667201,ROLLOUT
circuito-completo__landing-02,1244,421.06666666672,ROLLOUT
circuito-completo__landing-02,1245,421.16666666672006,ROLLOUT
circuito-completo__landing-02,1246,421.2666666667201,ROLLOUT
circuito-completo__landing-02,1247,421.3666666667201,ROLLOUT
circuito-completo__landing-02,1248,421.4666666667201,ROLLOUT
circuito-completo__landing-02,1249,421.56666666672,ROLLOUT
circuito-completo__landing-02,1250,421.66666666672006,ROLLOUT
circuito-completo__landing-02,1251,421.7666666667201,ROLLOUT
circuito-completo__landing-02,1252,421.8666666667201,ROLLOUT
circuito-completo__landing-02,1253,421.9666666667201,ROLLOUT
circuito-completo__landing-02,1254,422.06666666672,ROLLOUT
circuito-completo__landing-02,1255,422.16666666672006,ROLLOUT
circuito-completo__landing-02,1256,422.2666666667201,ROLLOUT
circuito-completo__landing-02,1257,422.3666666667201,ROLLOUT
circuito-completo__landing-02,1258,422.4666666667201,ROLLOUT
circuito-completo__landing-02,1259,422.56666666672,ROLLOUT
circuito-completo__landing-02,1260,422.66666666672006,ROLLOUT
circuito-completo__landing-02,1261,422.7666666667201,ROLLOUT
circuito-completo__landing-02,1262,422.8666666667201,ROLLOUT
circuito-completo__landing-02,1263,422.9666666667201,ROLLOUT
circuito-completo__landing-02,1264,423.06666666672,ROLLOUT
circuito-completo__landing-02,1265,423.16666666672006,ROLLOUT
circuito-completo__landing-02,1266,423.2666666667201,ROLLOUT
circuito-completo__landing-02,1267,423.3666666667201,ROLLOUT
circuito-completo__landing-02,1268,423.4666666667201,ROLLOUT
circuito-completo__landing-02,1269,423.56666666672,ROLLOUT
circuito-completo__landing-02,1270,423.66666666672006,ROLLOUT
circuito-completo__landing-02,1271,423.7666666667201,ROLLOUT
circuito-completo__landing-02,1272,423.8666666667201,ROLLOUT
circuito-completo__landing-02,1273,423.9666666667201,ROLLOUT
circuito-completo__landing-02,1274,424.06666666672,ROLLOUT
circuito-completo__landing-02,1275,424.16666666672006,ROLLOUT
circuito-completo__landing-02,1276,424.2666666667201,ROLLOUT
circuito-completo__landing-02,1277,424.3666666667201,ROLLOUT
circuito-completo__landing-02,1278,424.4666666667201,ROLLOUT
circuito-completo__landing-02,1279,424.56666666672,ROLLOUT
circuito-completo__landing-02,1280,424.66666666672006,ROLLOUT
circuito-completo__landing-02,1281,424.7666666667201,ROLLOUT
circuito-completo__landing-02,1282,424.8666666667201,ROLLOUT
circuito-completo__landing-02,1283,424.9666666667201,ROLLOUT
circuito-completo__landing-02,1284,425.06666666672,ROLLOUT
circuito-completo__landing-02,1285,425.16666666672006,ROLLOUT
circuito-completo__landing-02,1286,425.2666666667201,ROLLOUT
circuito-completo__landing-02,1287,425.3666666667201,ROLLOUT
circuito-completo__landing-02,1288,425.4666666667201,ROLLOUT
circuito-completo__landing-02,1289,425.56666666672,ROLLOUT
circuito-completo__landing-02,1290,425.66666666672006,ROLLOUT
circuito-completo__landing-02,1291,425.7666666667201,ROLLOUT
circuito-completo__landing-02,1292,425.8666666667201,ROLLOUT
circuito-completo__landing-02,1293,425.9666666667201,ROLLOUT
circuito-completo__landing-02,1294,426.06666666672,ROLLOUT
circuito-completo__landing-02,1295,426.16666666672006,ROLLOUT
circuito-completo__landing-02,1296,426.2666666667201,ROLLOUT
circuito-completo__landing-02,1297,426.3666666667201,ROLLOUT
circuito-completo__landing-02,1298,426.4666666667201,ROLLOUT
circuito-completo__landing-02,1299,426.56666666672,ROLLOUT
circuito-completo__landing-02,1300,426.66666666672006,ROLLOUT
circuito-completo__landing-02,1301,426.7666666667201,ROLLOUT
circuito-completo__landing-02,1302,426.8666666667201,ROLLOUT
circuito-completo__landing-02,1303,426.9666666667201,ROLLOUT
circuito-completo__landing-02,1304,427.06666666672,ROLLOUT
circuito-completo__landing-02,1305,427.16666666672006,ROLLOUT
circuito-completo__landing-02,1306,427.2666666667201,ROLLOUT
circuito-completo__landing-02,1307,427.3666666667201,ROLLOUT
circuito-completo__landing-02,1308,427.4666666667201,ROLLOUT
circuito-completo__landing-02,1309,427.56666666672,ROLLOUT
circuito-completo__landing-02,1310,427.66666666672006,ROLLOUT
circuito-completo__landing-02,1311,427.7666666667201,ROLLOUT
circuito-completo__landing-02,1312,427.8666666667201,ROLLOUT
circuito-completo__landing-02,1313,427.9666666667201,ROLLOUT
circuito-completo__landing-02,1314,428.06666666672,ROLLOUT
circuito-completo__landing-02,1315,428.16666666672006,ROLLOUT
circuito-completo__landing-02,1316,428.2666666667201,ROLLOUT
circuito-completo__landing-02,1317,428.3666666667201,ROLLOUT
circuito-completo__landing-02,1318,428.4666666667201,ROLLOUT
circuito-completo__landing-02,1319,428.56666666672,ROLLOUT
circuito-completo__landing-02,1320,428.66666666672006,ROLLOUT
circuito-completo__landing-02,1321,428.7666666667201,ROLLOUT
circuito-completo__landing-02,1322,428.8666666667201,ROLLOUT
circuito-completo__landing-02,1323,428.9666666667201,ROLLOUT
circuito-completo__landing-02,1324,429.06666666672,ROLLOUT
circuito-completo__landing-02,1325,429.16666666672006,ROLLOUT
circuito-completo__landing-02,1326,429.2666666667201,ROLLOUT
circuito-completo__landing-02,1327,429.3666666667201,ROLLOUT
circuito-completo__landing-02,1328,429.4666666667201,ROLLOUT
circuito-completo__landing-02,1329,429.56666666672,ROLLOUT
circuito-completo__landing-02,1330,429.66666666672006,ROLLOUT
circuito-completo__landing-02,1331,429.7666666667201,ROLLOUT
circuito-completo__landing-02,1332,429.8666666667201,ROLLOUT
circuito-completo__landing-02,1333,429.9666666667201,ROLLOUT
circuito-completo__landing-02,1334,430.06666666672,ROLLOUT
circuito-completo__landing-02,1335,430.16666666672006,ROLLOUT
circuito-completo__landing-02,1336,430.2666666667201,ROLLOUT
circuito-completo__landing-02,1337,430.3666666667201,ROLLOUT
circuito-completo__landing-02,1338,430.4666666667201,ROLLOUT
circuito-completo__landing-02,1339,430.56666666672,ROLLOUT
circuito-completo__landing-02,1340,430.66666666672006,ROLLOUT
circuito-completo__landing-02,1341,430.7666666667201,ROLLOUT
circuito-completo__landing-02,1342,430.8666666667201,ROLLOUT
circuito-completo__landing-02,1343,430.9666666667201,ROLLOUT
circuito-completo__landing-02,1344,431.06666666672,ROLLOUT
circuito-completo__landing-02,1345,431.16666666672006,ROLLOUT
circuito-completo__landing-02,1346,431.2666666667201,ROLLOUT
circuito-completo__landing-02,1347,431.3666666667201,ROLLOUT
circuito-completo__landing-02,1348,431.4666666667201,ROLLOUT
circuito-completo__landing-02,1349,431.56666666672,ROLLOUT
circuito-completo__landing-02,1350,431.66666666672006,ROLLOUT
circuito-completo__landing-02,1351,431.7666666667201,ROLLOUT
circuito-completo__landing-02,1352,431.8666666667201,ROLLOUT
circuito-completo__landing-02,1353,431.9666666667201,ROLLOUT
circuito-completo__landing-02,1354,432.06666666672,ROLLOUT
circuito-completo__landing-02,1355,432.16666666672006,ROLLOUT
circuito-completo__landing-02,1356,432.2666666667201,ROLLOUT
circuito-completo__landing-02,1357,432.3666666667201,ROLLOUT
circuito-completo__landing-02,1358,432.4666666667201,ROLLOUT
circuito-completo__landing-02,1359,432.56666666672,ROLLOUT
circuito-completo__landing-02,1360,432.66666666672006,ROLLOUT
circuito-completo__landing-02,1361,432.7666666667201,ROLLOUT
circuito-completo__landing-02,1362,432.8666666667201,ROLLOUT
circuito-completo__landing-02,1363,432.9666666667201,ROLLOUT
circuito-completo__landing-02,1364,433.06666666672,ROLLOUT
circuito-completo__landing-02,1365,433.16666666672006,ROLLOUT
circuito-completo__landing-02,1366,433.2666666667201,ROLLOUT
circuito-completo__landing-02,1367,433.3666666667201,ROLLOUT
circuito-completo__landing-02,1368,433.4666666667201,ROLLOUT
circuito-completo__landing-02,1369,433.56666666672,ROLLOUT
circuito-completo__landing-02,1370,433.66666666672006,ROLLOUT
circuito-completo__landing-02,1371,433.7666666667201,ROLLOUT
circuito-completo__landing-02,1372,433.8666666667201,ROLLOUT
circuito-completo__landing-02,1373,433.9666666667201,ROLLOUT
circuito-completo__landing-02,1374,434.06666666672,ROLLOUT
circuito-completo__landing-02,1375,434.16666666672006,ROLLOUT
circuito-completo__landing-02,1376,434.2666666667201,ROLLOUT
circuito-completo__landing-02,1377,434.3666666667201,ROLLOUT
circuito-completo__landing-02,1378,434.4666666667201,ROLLOUT
circuito-completo__landing-02,1379,434.56666666672,ROLLOUT
circuito-completo__landing-02,1380,434.66666666672006,ROLLOUT
circuito-completo__landing-02,1381,434.7666666667201,ROLLOUT
circuito-completo__landing-02,1382,434.8666666667201,ROLLOUT
circuito-completo__landing-02,1383,434.9666666667201,ROLLOUT
circuito-completo__landing-02,1384,435.06666666672,ROLLOUT
circuito-completo__landing-02,1385,435.16666666672006,ROLLOUT
circuito-completo__landing-02,1386,435.2666666667201,ROLLOUT
circuito-completo__landing-02,1387,435.3666666667201,ROLLOUT
circuito-completo__landing-02,1388,435.4666666667201,ROLLOUT
circuito-completo__landing-02,1389,435.56666666672,ROLLOUT
circuito-completo__landing-02,1390,435.66666666672006,ROLLOUT
circuito-completo__landing-02,1391,435.7666666667201,ROLLOUT
circuito-completo__landing-02,1392,435.8666666667201,ROLLOUT
circuito-completo__landing-02,1393,435.9666666667201,ROLLOUT
circuito-completo__landing-02,1394,436.06666666672,ROLLOUT
circuito-completo__landing-02,1395,436.16666666672006,ROLLOUT
circuito-completo__landing-02,1396,436.2666666667201,ROLLOUT
circuito-completo__landing-02,1397,436.3666666667201,ROLLOUT
circuito-completo__landing-02,1398,436.4666666667201,ROLLOUT
circuito-completo__landing-02,1399,436.56666666672,ROLLOUT
circuito-completo__landing-02,1400,436.66666666672006,ROLLOUT
circuito-completo__landing-02,1401,436.7666666667201,ROLLOUT
circuito-completo__landing-02,1402,436.8666666667201,COMPLETE
turbulencia05,1007,100.71666666666668,CONTACT_CANDIDATE
turbulencia05,1008,100.81666666666668,CONTACT_CANDIDATE
turbulencia05,1031,103.11666666666667,CONTACT_CANDIDATE
turbulencia05,1032,103.21666666666668,CONTACT_CANDIDATE
turbulencia05,1043,104.31666666666668,CONTACT_CANDIDATE
turbulencia05,1044,104.41666666666669,CONTACT_CANDIDATE
turbulencia05,1045,104.51666666666668,ROLLOUT
turbulencia05,1046,104.61666666666667,ROLLOUT
turbulencia05,1047,104.71666666666668,ROLLOUT
turbulencia05,1048,104.81666666666668,ROLLOUT
turbulencia05,1049,104.91666666666669,ROLLOUT
turbulencia05,1050,105.01666666666668,ROLLOUT
turbulencia05,1051,105.11666666666667,ROLLOUT
turbulencia05,1052,105.21666666666668,ROLLOUT
turbulencia05,1053,105.31666666666668,ROLLOUT
turbulencia05,1054,105.41666666666669,ROLLOUT
turbulencia05,1055,105.51666666666668,ROLLOUT
turbulencia05,1056,105.61666666666667,ROLLOUT
turbulencia05,1057,105.71666666666668,ROLLOUT
turbulencia05,1058,105.81666666666668,ROLLOUT
turbulencia05,1059,105.91666666666669,ROLLOUT
turbulencia05,1060,106.01666666666668,ROLLOUT
turbulencia05,1061,106.11666666666667,ROLLOUT
turbulencia05,1062,106.21666666666668,ROLLOUT
turbulencia05,1063,106.31666666666668,ROLLOUT
turbulencia05,1064,106.41666666666669,ROLLOUT
turbulencia05,1065,106.51666666666668,ROLLOUT
turbulencia05,1066,106.61666666666667,ROLLOUT
turbulencia05,1067,106.71666666666668,ROLLOUT
turbulencia05,1068,106.81666666666668,ROLLOUT
turbulencia05,1069,106.91666666666669,ROLLOUT
turbulencia05,1070,107.01666666666668,ROLLOUT
turbulencia05,1071,107.11666666666667,ROLLOUT
turbulencia05,1072,107.21666666666668,ROLLOUT
turbulencia05,1073,107.31666666666668,ROLLOUT
turbulencia05,1074,107.41666666666669,ROLLOUT
turbulencia05,1075,107.51666666666668,ROLLOUT
turbulencia05,1076,107.61666666666667,ROLLOUT
turbulencia05,1077,107.71666666666668,ROLLOUT
turbulencia05,1078,107.81666666666668,ROLLOUT
turbulencia05,1079,107.91666666666669,ROLLOUT
turbulencia05,1080,108.01666666666668,ROLLOUT
turbulencia05,1081,108.11666666666667,ROLLOUT
turbulencia05,1082,108.21666666666668,ROLLOUT
turbulencia05,1083,108.31666666666668,ROLLOUT
turbulencia05,1084,108.41666666666669,ROLLOUT
turbulencia05,1085,108.51666666666668,ROLLOUT
turbulencia05,1086,108.61666666666667,ROLLOUT
turbulencia05,1087,108.71666666666668,ROLLOUT
turbulencia05,1088,108.81666666666668,ROLLOUT
turbulencia05,1089,108.91666666666669,ROLLOUT
turbulencia05,1090,109.01666666666668,ROLLOUT
turbulencia05,1091,109.11666666666667,ROLLOUT
turbulencia05,1092,109.21666666666668,ROLLOUT
turbulencia05,1093,109.31666666666668,ROLLOUT
turbulencia05,1094,109.41666666666669,ROLLOUT
turbulencia05,1095,109.51666666666668,ROLLOUT
turbulencia05,1096,109.61666666666667,ROLLOUT
turbulencia05,1097,109.71666666666668,ROLLOUT
turbulencia05,1098,109.81666666666668,ROLLOUT
turbulencia05,1099,109.91666666666669,ROLLOUT
turbulencia05,1100,110.01666666666668,ROLLOUT
turbulencia05,1101,110.11666666666667,ROLLOUT
turbulencia05,1102,110.21666666666668,ROLLOUT
turbulencia05,1103,110.31666666666668,ROLLOUT
turbulencia05,1104,110.41666666666669,ROLLOUT
turbulencia05,1105,110.51666666666668,ROLLOUT
turbulencia05,1106,110.61666666666667,ROLLOUT
turbulencia05,1107,110.71666666666668,ROLLOUT
turbulencia05,1108,110.81666666666668,ROLLOUT
turbulencia05,1109,110.91666666666669,ROLLOUT
turbulencia05,1110,111.01666666666668,ROLLOUT
turbulencia05,1111,111.11666666666667,ROLLOUT
turbulencia05,1112,111.21666666666668,ROLLOUT
turbulencia05,1113,111.31666666666668,ROLLOUT
turbulencia05,1114,111.41666666666669,ROLLOUT
turbulencia05,1115,111.51666666666668,ROLLOUT
turbulencia05,1116,111.61666666666667,ROLLOUT
turbulencia05,1117,111.71666666666668,ROLLOUT
turbulencia05,1118,111.81666666666668,ROLLOUT
turbulencia05,1119,111.91666666666669,ROLLOUT
turbulencia05,1120,112.01666666666668,ROLLOUT
turbulencia05,1121,112.11666666666667,ROLLOUT
turbulencia05,1122,112.21666666666668,ROLLOUT
turbulencia05,1123,112.31666666666668,ROLLOUT
turbulencia05,1124,112.41666666666669,ROLLOUT
turbulencia05,1125,112.51666666666668,ROLLOUT
turbulencia05,1126,112.61666666666667,ROLLOUT
turbulencia05,1127,112.71666666666668,ROLLOUT
turbulencia05,1128,112.81666666666668,ROLLOUT
turbulencia05,1129,112.91666666666669,ROLLOUT
turbulencia05,1130,113.01666666666668,ROLLOUT
turbulencia05,1131,113.11666666666667,ROLLOUT
turbulencia05,1132,113.21666666666668,ROLLOUT
turbulencia05,1133,113.31666666666668,ROLLOUT
turbulencia05,1134,113.41666666666669,ROLLOUT
turbulencia05,1135,113.51666666666668,ROLLOUT
turbulencia05,1136,113.61666666666667,ROLLOUT
turbulencia05,1137,113.71666666666668,ROLLOUT
turbulencia05,1138,113.81666666666668,ROLLOUT
turbulencia05,1139,113.91666666666669,ROLLOUT
turbulencia05,1140,114.01666666666668,ROLLOUT
turbulencia05,1141,114.11666666666667,ROLLOUT
turbulencia05,1142,114.21666666666668,ROLLOUT
turbulencia05,1143,114.31666666666668,ROLLOUT
turbulencia05,1144,114.41666666666669,ROLLOUT
turbulencia05,1145,114.51666666666668,ROLLOUT
turbulencia05,1146,114.61666666666667,ROLLOUT
turbulencia05,1147,114.71666666666668,ROLLOUT
turbulencia05,1148,114.81666666666668,ROLLOUT
turbulencia05,1149,114.91666666666669,ROLLOUT
turbulencia05,1150,115.01666666666668,ROLLOUT
turbulencia05,1151,115.11666666666667,ROLLOUT
turbulencia05,1152,115.21666666666668,ROLLOUT
turbulencia05,1153,115.31666666666668,ROLLOUT
turbulencia05,1154,115.41666666666669,ROLLOUT
turbulencia05,1155,115.51666666666668,ROLLOUT
turbulencia05,1156,115.61666666666667,ROLLOUT
turbulencia05,1157,115.71666666666668,ROLLOUT
turbulencia05,1158,115.81666666666668,ROLLOUT
turbulencia05,1159,115.91666666666669,ROLLOUT
turbulencia05,1160,116.01666666666668,ROLLOUT
turbulencia05,1161,116.11666666666667,ROLLOUT
turbulencia05,1162,116.21666666666668,ROLLOUT
turbulencia05,1163,116.31666666666668,ROLLOUT
turbulencia05,1164,116.41666666666669,ROLLOUT
turbulencia05,1165,116.51666666666668,ROLLOUT
turbulencia05,1166,116.61666666666667,ROLLOUT
turbulencia05,1167,116.71666666666668,ROLLOUT
turbulencia05,1168,116.81666666666668,ROLLOUT
turbulencia05,1169,116.91666666666669,ROLLOUT
turbulencia05,1170,117.01666666666668,ROLLOUT
turbulencia05,1171,117.11666666666667,ROLLOUT
turbulencia05,1172,117.21666666666668,ROLLOUT
turbulencia05,1173,117.31666666666668,ROLLOUT
turbulencia05,1174,117.41666666666669,ROLLOUT
turbulencia05,1175,117.51666666666668,ROLLOUT
turbulencia05,1176,117.61666666666667,ROLLOUT
turbulencia05,1177,117.71666666666668,ROLLOUT
turbulencia05,1178,117.81666666666668,ROLLOUT
turbulencia05,1179,117.91666666666669,ROLLOUT
turbulencia05,1180,118.01666666666668,ROLLOUT
turbulencia05,1181,118.11666666666667,ROLLOUT
turbulencia05,1182,118.21666666666668,ROLLOUT
turbulencia05,1183,118.31666666666668,ROLLOUT
turbulencia05,1184,118.41666666666669,ROLLOUT
turbulencia05,1185,118.51666666666668,ROLLOUT
turbulencia05,1186,118.61666666666667,ROLLOUT
turbulencia05,1187,118.71666666666668,ROLLOUT
turbulencia05,1188,118.81666666666668,ROLLOUT
turbulencia05,1189,118.91666666666669,ROLLOUT
turbulencia05,1190,119.01666666666668,ROLLOUT
turbulencia05,1191,119.11666666666667,ROLLOUT
turbulencia05,1192,119.21666666666668,ROLLOUT
turbulencia05,1193,119.31666666666668,COMPLETE
turbulencia08,1039,103.91666666666669,ROLLOUT
turbulencia08,1040,104.01666666666668,ROLLOUT
turbulencia08,1041,104.11666666666667,ROLLOUT
turbulencia08,1042,104.21666666666668,ROLLOUT
turbulencia08,1043,104.31666666666668,ROLLOUT
turbulencia08,1044,104.41666666666669,ROLLOUT
turbulencia08,1045,104.51666666666668,ROLLOUT
turbulencia08,1046,104.61666666666667,ROLLOUT
turbulencia08,1047,104.71666666666668,ROLLOUT
turbulencia08,1048,104.81666666666668,ROLLOUT
turbulencia08,1049,104.91666666666669,ROLLOUT
turbulencia08,1050,105.01666666666668,ROLLOUT
turbulencia08,1051,105.11666666666667,ROLLOUT
turbulencia08,1052,105.21666666666668,ROLLOUT
turbulencia08,1053,105.31666666666668,ROLLOUT
turbulencia08,1054,105.41666666666669,ROLLOUT
turbulencia08,1055,105.51666666666668,ROLLOUT
turbulencia08,1056,105.61666666666667,ROLLOUT
turbulencia08,1057,105.71666666666668,ROLLOUT
turbulencia08,1058,105.81666666666668,ROLLOUT
turbulencia08,1059,105.91666666666669,ROLLOUT
turbulencia08,1060,106.01666666666668,ROLLOUT
turbulencia08,1061,106.11666666666667,ROLLOUT
turbulencia08,1062,106.21666666666668,ROLLOUT
turbulencia08,1063,106.31666666666668,ROLLOUT
turbulencia08,1064,106.41666666666669,ROLLOUT
turbulencia08,1065,106.51666666666668,ROLLOUT
turbulencia08,1066,106.61666666666667,ROLLOUT
turbulencia08,1067,106.71666666666668,ROLLOUT
turbulencia08,1068,106.81666666666668,ROLLOUT
turbulencia08,1069,106.91666666666669,ROLLOUT
turbulencia08,1070,107.01666666666668,ROLLOUT
turbulencia08,1071,107.11666666666667,ROLLOUT
turbulencia08,1072,107.21666666666668,ROLLOUT
turbulencia08,1073,107.31666666666668,ROLLOUT
turbulencia08,1074,107.41666666666669,ROLLOUT
turbulencia08,1075,107.51666666666668,ROLLOUT
turbulencia08,1076,107.61666666666667,ROLLOUT
turbulencia08,1077,107.71666666666668,ROLLOUT
turbulencia08,1078,107.81666666666668,ROLLOUT
turbulencia08,1079,107.91666666666669,ROLLOUT
turbulencia08,1080,108.01666666666668,ROLLOUT
turbulencia08,1081,108.11666666666667,ROLLOUT
turbulencia08,1082,108.21666666666668,ROLLOUT
turbulencia08,1083,108.31666666666668,ROLLOUT
turbulencia08,1084,108.41666666666669,ROLLOUT
turbulencia08,1085,108.51666666666668,ROLLOUT
turbulencia08,1086,108.61666666666667,ROLLOUT
turbulencia08,1087,108.71666666666668,ROLLOUT
turbulencia08,1088,108.81666666666668,ROLLOUT
turbulencia08,1089,108.91666666666669,ROLLOUT
turbulencia08,1090,109.01666666666668,ROLLOUT
turbulencia08,1091,109.11666666666667,ROLLOUT
turbulencia08,1092,109.21666666666668,ROLLOUT
turbulencia08,1093,109.31666666666668,ROLLOUT
turbulencia08,1094,109.41666666666669,ROLLOUT
turbulencia08,1095,109.51666666666668,ROLLOUT
turbulencia08,1096,109.61666666666667,ROLLOUT
turbulencia08,1097,109.71666666666668,ROLLOUT
turbulencia08,1098,109.81666666666668,ROLLOUT
turbulencia08,1099,109.91666666666669,ROLLOUT
turbulencia08,1100,110.01666666666668,ROLLOUT
turbulencia08,1101,110.11666666666667,ROLLOUT
turbulencia08,1102,110.21666666666668,ROLLOUT
turbulencia08,1103,110.31666666666668,ROLLOUT
turbulencia08,1104,110.41666666666669,ROLLOUT
turbulencia08,1105,110.51666666666668,ROLLOUT
turbulencia08,1106,110.61666666666667,ROLLOUT
turbulencia08,1107,110.71666666666668,ROLLOUT
turbulencia08,1108,110.81666666666668,ROLLOUT
turbulencia08,1109,110.91666666666669,ROLLOUT
turbulencia08,1110,111.01666666666668,ROLLOUT
turbulencia08,1111,111.11666666666667,ROLLOUT
turbulencia08,1112,111.21666666666668,ROLLOUT
turbulencia08,1113,111.31666666666668,ROLLOUT
turbulencia08,1114,111.41666666666669,ROLLOUT
turbulencia08,1115,111.51666666666668,ROLLOUT
turbulencia08,1116,111.61666666666667,ROLLOUT
turbulencia08,1117,111.71666666666668,ROLLOUT
turbulencia08,1118,111.81666666666668,ROLLOUT
turbulencia08,1119,111.91666666666669,ROLLOUT
turbulencia08,1120,112.01666666666668,ROLLOUT
turbulencia08,1121,112.11666666666667,ROLLOUT
turbulencia08,1122,112.21666666666668,ROLLOUT
turbulencia08,1123,112.31666666666668,ROLLOUT
turbulencia08,1124,112.41666666666669,ROLLOUT
turbulencia08,1125,112.51666666666668,ROLLOUT
turbulencia08,1126,112.61666666666667,ROLLOUT
turbulencia08,1127,112.71666666666668,ROLLOUT
turbulencia08,1128,112.81666666666668,ROLLOUT
turbulencia08,1129,112.91666666666669,ROLLOUT
turbulencia08,1130,113.01666666666668,ROLLOUT
turbulencia08,1131,113.11666666666667,ROLLOUT
turbulencia08,1132,113.21666666666668,ROLLOUT
turbulencia08,1133,113.31666666666668,ROLLOUT
turbulencia08,1134,113.41666666666669,ROLLOUT
turbulencia08,1135,113.51666666666668,ROLLOUT
turbulencia08,1136,113.61666666666667,ROLLOUT
turbulencia08,1137,113.71666666666668,ROLLOUT
turbulencia08,1138,113.81666666666668,ROLLOUT
turbulencia08,1139,113.91666666666669,ROLLOUT
turbulencia08,1140,114.01666666666668,ROLLOUT
turbulencia08,1141,114.11666666666667,ROLLOUT
turbulencia08,1142,114.21666666666668,ROLLOUT
turbulencia08,1143,114.31666666666668,ROLLOUT
turbulencia08,1144,114.41666666666669,ROLLOUT
turbulencia08,1145,114.51666666666668,ROLLOUT
turbulencia08,1146,114.61666666666667,ROLLOUT
turbulencia08,1147,114.71666666666668,ROLLOUT
turbulencia08,1148,114.81666666666668,ROLLOUT
turbulencia08,1149,114.91666666666669,ROLLOUT
turbulencia08,1150,115.01666666666668,ROLLOUT
turbulencia08,1151,115.11666666666667,ROLLOUT
turbulencia08,1152,115.21666666666668,ROLLOUT
turbulencia08,1153,115.31666666666668,ROLLOUT
turbulencia08,1154,115.41666666666669,ROLLOUT
turbulencia08,1155,115.51666666666668,ROLLOUT
turbulencia08,1156,115.61666666666667,ROLLOUT
turbulencia08,1157,115.71666666666668,ROLLOUT
turbulencia08,1158,115.81666666666668,ROLLOUT
turbulencia08,1159,115.91666666666669,ROLLOUT
turbulencia08,1160,116.01666666666668,ROLLOUT
turbulencia08,1161,116.11666666666667,ROLLOUT
turbulencia08,1162,116.21666666666668,ROLLOUT
turbulencia08,1163,116.31666666666668,ROLLOUT
turbulencia08,1164,116.41666666666669,ROLLOUT
turbulencia08,1165,116.51666666666668,ROLLOUT
turbulencia08,1166,116.61666666666667,ROLLOUT
turbulencia08,1167,116.71666666666668,ROLLOUT
turbulencia08,1168,116.81666666666668,ROLLOUT
turbulencia08,1169,116.91666666666669,ROLLOUT
turbulencia08,1170,117.01666666666668,ROLLOUT
turbulencia08,1171,117.11666666666667,ROLLOUT
turbulencia08,1172,117.21666666666668,ROLLOUT
turbulencia08,1173,117.31666666666668,ROLLOUT
turbulencia08,1174,117.41666666666669,ROLLOUT
turbulencia08,1175,117.51666666666668,ROLLOUT
turbulencia08,1176,117.61666666666667,ROLLOUT
turbulencia08,1177,117.71666666666668,ROLLOUT
turbulencia08,1178,117.81666666666668,ROLLOUT
turbulencia08,1179,117.91666666666669,ROLLOUT
turbulencia08,1180,118.01666666666668,ROLLOUT
turbulencia08,1181,118.11666666666667,ROLLOUT
turbulencia08,1182,118.21666666666668,ROLLOUT
turbulencia08,1183,118.31666666666668,ROLLOUT
turbulencia08,1184,118.41666666666669,ROLLOUT
turbulencia08,1185,118.51666666666668,ROLLOUT
turbulencia08,1186,118.61666666666667,ROLLOUT
turbulencia08,1187,118.71666666666668,ROLLOUT
turbulencia08,1188,118.81666666666668,ROLLOUT
turbulencia08,1189,118.91666666666669,ROLLOUT
turbulencia08,1190,119.01666666666668,ROLLOUT
turbulencia08,1191,119.11666666666667,ROLLOUT
turbulencia08,1192,119.21666666666668,ROLLOUT
turbulencia08,1193,119.31666666666668,ROLLOUT
turbulencia08,1194,119.41666666666669,ROLLOUT
turbulencia08,1195,119.51666666666668,ROLLOUT
turbulencia08,1196,119.61666666666667,ROLLOUT
turbulencia08,1197,119.71666666666668,ROLLOUT
turbulencia08,1198,119.81666666666668,ROLLOUT
turbulencia08,1199,119.91666666666669,ROLLOUT
turbulencia08,1200,120.01666666666668,ROLLOUT
turbulencia08,1201,120.11666666666667,ROLLOUT
turbulencia08,1202,120.21666666666668,ROLLOUT
turbulencia08,1203,120.31666666666668,ROLLOUT
turbulencia08,1204,120.41666666666669,ROLLOUT
turbulencia08,1205,120.51666666666668,ROLLOUT
turbulencia08,1206,120.61666666666667,ROLLOUT
turbulencia08,1207,120.71666666666668,ROLLOUT
turbulencia08,1208,120.81666666666668,ROLLOUT
turbulencia08,1209,120.91666666666669,ROLLOUT
turbulencia08,1210,121.01666666666668,ROLLOUT
turbulencia08,1211,121.11666666666667,ROLLOUT
turbulencia08,1212,121.21666666666668,ROLLOUT
turbulencia08,1213,121.31666666666668,ROLLOUT
turbulencia08,1214,121.41666666666669,ROLLOUT
turbulencia08,1215,121.51666666666668,ROLLOUT
turbulencia08,1216,121.61666666666667,ROLLOUT
turbulencia08,1217,121.71666666666668,ROLLOUT
turbulencia08,1218,121.81666666666668,ROLLOUT
turbulencia08,1219,121.91666666666669,ROLLOUT
turbulencia08,1220,122.01666666666668,ROLLOUT
turbulencia08,1221,122.11666666666667,ROLLOUT
turbulencia08,1222,122.21666666666668,ROLLOUT
turbulencia08,1223,122.31666666666668,ROLLOUT
turbulencia08,1224,122.41666666666669,COMPLETE
turbulencia08,1225,122.51666666666668,COMPLETE
turbulencia08,1226,122.61666666666667,COMPLETE
turbulencia08,1227,122.71666666666668,COMPLETE
turbulencia08,1228,122.81666666666668,COMPLETE
turbulencia08,1229,122.91666666666669,COMPLETE
turbulencia08,1230,123.01666666666668,COMPLETE
turbulencia08,1231,123.11666666666667,COMPLETE
turbulencia08,1232,123.21666666666668,COMPLETE
turbulencia08,1233,123.31666666666668,COMPLETE
turbulencia08,1234,123.41666666666669,COMPLETE
turbulencia08,1235,123.51666666666668,COMPLETE
turbulencia08,1236,123.61666666666667,COMPLETE
turbulencia08,1237,123.71666666666668,COMPLETE
turbulencia08,1238,123.81666666666668,COMPLETE
turbulencia08,1239,123.91666666666669,COMPLETE
turbulencia08,1240,124.01666666666668,COMPLETE
turbulencia08,1241,124.11666666666667,COMPLETE
turbulencia08,1242,124.21666666666668,COMPLETE
turbulencia08,1243,124.31666666666668,COMPLETE
turbulencia08,1244,124.41666666666669,COMPLETE
turbulencia08,1245,124.51666666666668,COMPLETE
turbulencia08,1246,124.61666666666667,COMPLETE
turbulencia08,1247,124.71666666666668,COMPLETE
turbulencia08,1248,124.81666666666668,COMPLETE
turbulencia08,1249,124.91666666666669,COMPLETE
turbulencia08,1250,125.01666666666668,COMPLETE
turbulencia08,1251,125.11666666666667,COMPLETE
turbulencia08,1252,125.21666666666668,COMPLETE
turbulencia08,1253,125.31666666666668,COMPLETE
turbulencia08,1254,125.41666666666669,COMPLETE
turbulencia08,1255,125.51666666666668,COMPLETE
turbulencia08,1256,125.61666666666667,COMPLETE
turbulencia08,1257,125.71666666666668,COMPLETE
turbulencia08,1258,125.81666666666668,COMPLETE
turbulencia08,1259,125.91666666666669,COMPLETE
turbulencia08,1260,126.01666666666668,COMPLETE
turbulencia08,1261,126.11666666666667,COMPLETE
turbulencia08,1262,126.21666666666668,COMPLETE
turbulencia08,1263,126.31666666666668,COMPLETE
turbulencia08,1264,126.41666666666669,COMPLETE
turbulencia08,1265,126.51666666666668,COMPLETE
turbulencia08,1266,126.61666666666667,COMPLETE
turbulencia08,1267,126.71666666666668,COMPLETE
turbulencia08,1268,126.81666666666668,COMPLETE
turbulencia08,1269,126.91666666666669,COMPLETE
turbulencia08,1270,127.01666666666668,COMPLETE
turbulencia08,1271,127.11666666666667,COMPLETE
turbulencia08,1272,127.21666666666668,COMPLETE
turbulencia08,1273,127.31666666666668,COMPLETE
turbulencia08,1274,127.41666666666669,COMPLETE
turbulencia08,1275,127.51666666666668,COMPLETE
turbulencia08,1276,127.61666666666667,COMPLETE
turbulencia08,1277,127.71666666666668,COMPLETE
turbulencia08,1278,127.81666666666668,COMPLETE
turbulencia08,1279,127.91666666666669,COMPLETE
turbulencia08,1280,128.01666666666668,COMPLETE
turbulencia08,1281,128.11666666666667,COMPLETE
turbulencia08,1282,128.2166666666667,COMPLETE
turbulencia08,1283,128.3166666666667,COMPLETE
turbulencia08,1284,128.41666666666669,COMPLETE
turbulencia08,1285,128.51666666666668,COMPLETE
turbulencia08,1286,128.61666666666667,COMPLETE
turbulencia08,1287,128.7166666666667,COMPLETE
turbulencia08,1288,128.8166666666667,COMPLETE
turbulencia08,1289,128.91666666666669,COMPLETE
turbulencia08,1290,129.01666666666668,COMPLETE
turbulencia08,1291,129.11666666666667,COMPLETE
turbulencia08,1292,129.2166666666667,COMPLETE
turbulencia08,1293,129.3166666666667,COMPLETE
turbulencia08,1294,129.41666666666669,COMPLETE
turbulencia08,1295,129.51666666666668,COMPLETE
turbulencia08,1296,129.61666666666667,COMPLETE
turbulencia08,1297,129.7166666666667,COMPLETE
turbulencia08,1298,129.8166666666667,COMPLETE
turbulencia08,1299,129.91666666666669,COMPLETE
turbulencia08,1300,130.01666666666668,COMPLETE
turbulencia08,1301,130.11666666666667,COMPLETE
turbulencia08,1302,130.2166666666667,COMPLETE
turbulencia08,1303,130.3166666666667,COMPLETE
turbulencia08,1304,130.41666666666669,COMPLETE
turbulencia08,1305,130.51666666666668,COMPLETE
turbulencia08,1306,130.61666666666667,COMPLETE
turbulencia08,1307,130.7166666666667,COMPLETE
turbulencia08,1308,130.8166666666667,COMPLETE
turbulencia08,1309,130.91666666666669,COMPLETE
turbulencia08,1310,131.01666666666668,COMPLETE
turbulencia08,1311,131.11666666666667,COMPLETE
turbulencia08,1312,131.2166666666667,COMPLETE
turbulencia08,1313,131.3166666666667,COMPLETE
turbulencia08,1314,131.41666666666669,COMPLETE
turbulencia08,1315,131.51666666666668,COMPLETE
turbulencia08,1316,131.61666666666667,COMPLETE
turbulencia08,1317,131.7166666666667,COMPLETE
voo-2-com-16-nos,1059,105.91666666666669,CONTACT_CANDIDATE
voo-2-com-16-nos,1060,106.01666666666668,CONTACT_CANDIDATE
voo-2-com-16-nos,1061,106.11666666666667,CONTACT_CANDIDATE
voo-2-com-16-nos,1062,106.21666666666668,CONTACT_CANDIDATE
voo-2-com-16-nos,1068,106.81666666666668,CONTACT_CANDIDATE
voo-2-com-16-nos,1069,106.91666666666669,CONTACT_CANDIDATE
voo-2-com-16-nos,1072,107.21666666666668,CONTACT_CANDIDATE
voo-2-com-16-nos,1073,107.31666666666668,CONTACT_CANDIDATE
voo-2-com-16-nos,1074,107.41666666666669,ROLLOUT
voo-2-com-16-nos,1075,107.51666666666668,ROLLOUT
voo-2-com-16-nos,1076,107.61666666666667,ROLLOUT
voo-2-com-16-nos,1077,107.71666666666668,ROLLOUT
voo-2-com-16-nos,1078,107.81666666666668,ROLLOUT
voo-2-com-16-nos,1079,107.91666666666669,ROLLOUT
voo-2-com-16-nos,1080,108.01666666666668,ROLLOUT
voo-2-com-16-nos,1081,108.11666666666667,ROLLOUT
voo-2-com-16-nos,1082,108.21666666666668,ROLLOUT
voo-2-com-16-nos,1083,108.31666666666668,ROLLOUT
voo-2-com-16-nos,1084,108.41666666666669,ROLLOUT
voo-2-com-16-nos,1085,108.51666666666668,ROLLOUT
voo-2-com-16-nos,1086,108.61666666666667,ROLLOUT
voo-2-com-16-nos,1087,108.71666666666668,ROLLOUT
voo-2-com-16-nos,1088,108.81666666666668,ROLLOUT
voo-2-com-16-nos,1089,108.91666666666669,ROLLOUT
voo-2-com-16-nos,1090,109.01666666666668,ROLLOUT
voo-2-com-16-nos,1091,109.11666666666667,ROLLOUT
voo-2-com-16-nos,1092,109.21666666666668,ROLLOUT
voo-2-com-16-nos,1093,109.31666666666668,ROLLOUT
voo-2-com-16-nos,1094,109.41666666666669,ROLLOUT
voo-2-com-16-nos,1095,109.51666666666668,ROLLOUT
voo-2-com-16-nos,1096,109.61666666666667,ROLLOUT
voo-2-com-16-nos,1097,109.71666666666668,ROLLOUT
voo-2-com-16-nos,1098,109.81666666666668,ROLLOUT
voo-2-com-16-nos,1099,109.91666666666669,ROLLOUT
voo-2-com-16-nos,1100,110.01666666666668,ROLLOUT
voo-2-com-16-nos,1101,110.11666666666667,ROLLOUT
voo-2-com-16-nos,1102,110.21666666666668,ROLLOUT
voo-2-com-16-nos,1103,110.31666666666668,ROLLOUT
voo-2-com-16-nos,1104,110.41666666666669,ROLLOUT
voo-2-com-16-nos,1105,110.51666666666668,ROLLOUT
voo-2-com-16-nos,1106,110.61666666666667,ROLLOUT
voo-2-com-16-nos,1107,110.71666666666668,ROLLOUT
voo-2-com-16-nos,1108,110.81666666666668,ROLLOUT
voo-2-com-16-nos,1109,110.91666666666669,ROLLOUT
voo-2-com-16-nos,1110,111.01666666666668,ROLLOUT
voo-2-com-16-nos,1111,111.11666666666667,ROLLOUT
voo-2-com-16-nos,1112,111.21666666666668,ROLLOUT
voo-2-com-16-nos,1113,111.31666666666668,ROLLOUT
voo-2-com-16-nos,1114,111.41666666666669,ROLLOUT
voo-2-com-16-nos,1115,111.51666666666668,ROLLOUT
voo-2-com-16-nos,1116,111.61666666666667,ROLLOUT
voo-2-com-16-nos,1117,111.71666666666668,ROLLOUT
voo-2-com-16-nos,1118,111.81666666666668,ROLLOUT
voo-2-com-16-nos,1119,111.91666666666669,ROLLOUT
voo-2-com-16-nos,1120,112.01666666666668,ROLLOUT
voo-2-com-16-nos,1121,112.11666666666667,ROLLOUT
voo-2-com-16-nos,1122,112.21666666666668,ROLLOUT
voo-2-com-16-nos,1123,112.31666666666668,ROLLOUT
voo-2-com-16-nos,1124,112.41666666666669,ROLLOUT
voo-2-com-16-nos,1125,112.51666666666668,ROLLOUT
voo-2-com-16-nos,1126,112.61666666666667,ROLLOUT
voo-2-com-16-nos,1127,112.71666666666668,ROLLOUT
voo-2-com-16-nos,1128,112.81666666666668,ROLLOUT
voo-2-com-16-nos,1129,112.91666666666669,ROLLOUT
voo-2-com-16-nos,1130,113.01666666666668,ROLLOUT
voo-2-com-16-nos,1131,113.11666666666667,ROLLOUT
voo-2-com-16-nos,1132,113.21666666666668,ROLLOUT
voo-2-com-16-nos,1133,113.31666666666668,ROLLOUT
voo-2-com-16-nos,1134,113.41666666666669,ROLLOUT
voo-2-com-16-nos,1135,113.51666666666668,ROLLOUT
voo-2-com-16-nos,1136,113.61666666666667,ROLLOUT
voo-2-com-16-nos,1137,113.71666666666668,ROLLOUT
voo-2-com-16-nos,1138,113.81666666666668,ROLLOUT
voo-2-com-16-nos,1139,113.91666666666669,ROLLOUT
voo-2-com-16-nos,1140,114.01666666666668,ROLLOUT
voo-2-com-16-nos,1141,114.11666666666667,ROLLOUT
voo-2-com-16-nos,1142,114.21666666666668,ROLLOUT
voo-2-com-16-nos,1143,114.31666666666668,ROLLOUT
voo-2-com-16-nos,1144,114.41666666666669,ROLLOUT
voo-2-com-16-nos,1145,114.51666666666668,ROLLOUT
voo-2-com-16-nos,1146,114.61666666666667,ROLLOUT
voo-2-com-16-nos,1147,114.71666666666668,ROLLOUT
voo-2-com-16-nos,1148,114.81666666666668,ROLLOUT
voo-2-com-16-nos,1149,114.91666666666669,ROLLOUT
voo-2-com-16-nos,1150,115.01666666666668,ROLLOUT
voo-2-com-16-nos,1151,115.11666666666667,ROLLOUT
voo-2-com-16-nos,1152,115.21666666666668,ROLLOUT
voo-2-com-16-nos,1153,115.31666666666668,ROLLOUT
voo-2-com-16-nos,1154,115.41666666666669,ROLLOUT
voo-2-com-16-nos,1155,115.51666666666668,ROLLOUT
voo-2-com-16-nos,1156,115.61666666666667,ROLLOUT
voo-2-com-16-nos,1157,115.71666666666668,ROLLOUT
voo-2-com-16-nos,1158,115.81666666666668,ROLLOUT
voo-2-com-16-nos,1159,115.91666666666669,ROLLOUT
voo-2-com-16-nos,1160,116.01666666666668,ROLLOUT
voo-2-com-16-nos,1161,116.11666666666667,ROLLOUT
voo-2-com-16-nos,1162,116.21666666666668,ROLLOUT
voo-2-com-16-nos,1163,116.31666666666668,ROLLOUT
voo-2-com-16-nos,1164,116.41666666666669,ROLLOUT
voo-2-com-16-nos,1165,116.51666666666668,ROLLOUT
voo-2-com-16-nos,1166,116.61666666666667,ROLLOUT
voo-2-com-16-nos,1167,116.71666666666668,ROLLOUT
voo-2-com-16-nos,1168,116.81666666666668,ROLLOUT
voo-2-com-16-nos,1169,116.91666666666669,ROLLOUT
voo-2-com-16-nos,1170,117.01666666666668,ROLLOUT
voo-2-com-16-nos,1171,117.11666666666667,ROLLOUT
voo-2-com-16-nos,1172,117.21666666666668,ROLLOUT
voo-2-com-16-nos,1173,117.31666666666668,ROLLOUT
voo-2-com-16-nos,1174,117.41666666666669,ROLLOUT
voo-2-com-16-nos,1175,117.51666666666668,ROLLOUT
voo-2-com-16-nos,1176,117.61666666666667,ROLLOUT
voo-2-com-16-nos,1177,117.71666666666668,ROLLOUT
voo-2-com-16-nos,1178,117.81666666666668,ROLLOUT
voo-2-com-16-nos,1179,117.91666666666669,ROLLOUT
voo-2-com-16-nos,1180,118.01666666666668,ROLLOUT
voo-2-com-16-nos,1181,118.11666666666667,ROLLOUT
voo-2-com-16-nos,1182,118.21666666666668,ROLLOUT
voo-2-com-16-nos,1183,118.31666666666668,ROLLOUT
voo-2-com-16-nos,1184,118.41666666666669,ROLLOUT
voo-2-com-16-nos,1185,118.51666666666668,ROLLOUT
voo-2-com-16-nos,1186,118.61666666666667,ROLLOUT
voo-2-com-16-nos,1187,118.71666666666668,ROLLOUT
voo-2-com-16-nos,1188,118.81666666666668,ROLLOUT
voo-2-com-16-nos,1189,118.91666666666669,ROLLOUT
voo-2-com-16-nos,1190,119.01666666666668,ROLLOUT
voo-2-com-16-nos,1191,119.11666666666667,ROLLOUT
voo-2-com-16-nos,1192,119.21666666666668,ROLLOUT
voo-2-com-16-nos,1193,119.31666666666668,ROLLOUT
voo-2-com-16-nos,1194,119.41666666666669,ROLLOUT
voo-2-com-16-nos,1195,119.51666666666668,ROLLOUT
voo-2-com-16-nos,1196,119.61666666666667,ROLLOUT
voo-2-com-16-nos,1197,119.71666666666668,ROLLOUT
voo-2-com-16-nos,1198,119.81666666666668,ROLLOUT
voo-2-com-16-nos,1199,119.91666666666669,ROLLOUT
voo-2-com-16-nos,1200,120.01666666666668,ROLLOUT
voo-2-com-16-nos,1201,120.11666666666667,ROLLOUT
voo-2-com-16-nos,1202,120.21666666666668,ROLLOUT
voo-2-com-16-nos,1203,120.31666666666668,ROLLOUT
voo-2-com-16-nos,1204,120.41666666666669,ROLLOUT
voo-2-com-16-nos,1205,120.51666666666668,ROLLOUT
voo-2-com-16-nos,1206,120.61666666666667,ROLLOUT
voo-2-com-16-nos,1207,120.71666666666668,ROLLOUT
voo-2-com-16-nos,1208,120.81666666666668,ROLLOUT
voo-2-com-16-nos,1209,120.91666666666669,ROLLOUT
voo-2-com-16-nos,1252,125.21666666666668,COMPLETE
voo-2-com-16-nos,1253,125.31666666666668,COMPLETE
voo-2-com-16-nos,1254,125.41666666666669,COMPLETE
voo-2-com-16-nos,1255,125.51666666666668,COMPLETE
voo-2-com-16-nos,1256,125.61666666666667,COMPLETE
voo-2-com-16-nos,1257,125.71666666666668,COMPLETE
voo-2-com-16-nos,1258,125.81666666666668,COMPLETE
voo-2-com-16-nos,1259,125.91666666666669,COMPLETE
voo-2-com-16-nos,1260,126.01666666666668,COMPLETE
voo-2-com-16-nos,1261,126.11666666666667,COMPLETE
voo-2-com-16-nos,1262,126.21666666666668,COMPLETE
voo-2-com-16-nos,1263,126.31666666666668,COMPLETE
voo-2-com-16-nos,1264,126.41666666666669,COMPLETE
voo-2-com-16-nos,1265,126.51666666666668,COMPLETE
voo-2-com-16-nos,1266,126.61666666666667,COMPLETE
voo-2-com-16-nos,1267,126.71666666666668,COMPLETE
voo-2-com-16-nos,1268,126.81666666666668,COMPLETE
voo-2-com-16-nos,1269,126.91666666666669,COMPLETE
voo-2-com-16-nos,1270,127.01666666666668,COMPLETE
voo-2-com-16-nos,1271,127.11666666666667,COMPLETE
voo-2-com-16-nos,1272,127.21666666666668,COMPLETE
voo-2-com-16-nos,1273,127.31666666666668,COMPLETE
voo-2-com-16-nos,1274,127.41666666666669,COMPLETE
voo-2-com-16-nos,1275,127.51666666666668,COMPLETE
voo-2-com-16-nos,1276,127.61666666666667,COMPLETE
voo-2-com-16-nos,1277,127.71666666666668,COMPLETE
voo-2-com-16-nos,1278,127.81666666666668,COMPLETE
voo-2-com-16-nos,1279,127.91666666666669,COMPLETE
voo-2-com-16-nos,1280,128.01666666666668,COMPLETE
voo-2-com-16-nos,1281,128.11666666666667,COMPLETE
voo-2-com-16-nos,1282,128.2166666666667,COMPLETE
voo-2-com-16-nos,1283,128.3166666666667,COMPLETE
voo-2-com-16-nos,1284,128.41666666666669,COMPLETE
voo-2-com-16-nos,1285,128.51666666666668,COMPLETE
voo-2-com-16-nos,1286,128.61666666666667,COMPLETE
voo-2-com-16-nos,1287,128.7166666666667,COMPLETE
voo-2-com-16-nos,1288,128.8166666666667,COMPLETE
voo-2-com-16-nos,1289,128.91666666666669,COMPLETE
voo-2-com-16-nos,1290,129.01666666666668,COMPLETE
voo-2-com-16-nos,1291,129.11666666666667,COMPLETE
voo-2-com-16-nos,1292,129.2166666666667,COMPLETE
voo-2-com-16-nos,1293,129.3166666666667,COMPLETE
voo-2-com-16-nos,1294,129.41666666666669,COMPLETE
voo-2-com-16-nos,1295,129.51666666666668,COMPLETE
voo-2-com-16-nos,1296,129.61666666666667,COMPLETE
voo-2-com-16-nos,1297,129.7166666666667,COMPLETE
voo-2-com-16-nos,1298,129.8166666666667,COMPLETE
voo-2-com-16-nos,1299,129.91666666666669,COMPLETE
voo-2-com-16-nos,1300,130.01666666666668,COMPLETE
voo-2-com-16-nos,1301,130.11666666666667,COMPLETE
voo-2-com-16-nos,1302,130.2166666666667,COMPLETE
voo-2-com-16-nos,1303,130.3166666666667,COMPLETE
voo-2-com-16-nos,1304,130.41666666666669,COMPLETE
voo-2-com-16-nos,1305,130.51666666666668,COMPLETE
voo-2-com-16-nos,1306,130.61666666666667,COMPLETE
voo-2-com-16-nos,1307,130.7166666666667,COMPLETE
voo-2-com-16-nos,1308,130.8166666666667,COMPLETE
voo-2-com-16-nos,1309,130.91666666666669,COMPLETE
voo-2-com-16-nos,1310,131.01666666666668,COMPLETE
voo-2-com-16-nos,1311,131.11666666666667,COMPLETE
voo-2-com-16-nos,1312,131.2166666666667,COMPLETE
voo-2-com-16-nos,1313,131.3166666666667,COMPLETE
voo-2-com-rajada,1067,106.71666666666668,CONTACT_CANDIDATE
voo-2-com-rajada,1068,106.81666666666668,CONTACT_CANDIDATE
voo-2-com-rajada,1069,106.91666666666669,CONTACT_CANDIDATE
voo-2-com-rajada,1070,107.01666666666668,CONTACT_CANDIDATE
voo-2-com-rajada,1071,107.11666666666667,CONTACT_CANDIDATE
voo-2-com-rajada,1072,107.21666666666668,CONTACT_CANDIDATE
voo-2-com-rajada,1073,107.31666666666668,CONTACT_CANDIDATE
voo-2-com-rajada,1074,107.41666666666669,CONTACT_CANDIDATE
voo-2-com-rajada,1075,107.51666666666668,CONTACT_CANDIDATE
voo-2-com-rajada,1076,107.61666666666667,CONTACT_CANDIDATE
voo-2-com-rajada,1077,107.71666666666668,CONTACT_CANDIDATE
voo-2-com-rajada,1078,107.81666666666668,CONTACT_CANDIDATE
voo-2-com-rajada,1079,107.91666666666669,CONTACT_CANDIDATE
voo-2-com-rajada,1080,108.01666666666668,CONTACT_CANDIDATE
voo-2-com-rajada,1081,108.11666666666667,CONTACT_CANDIDATE
voo-2-com-rajada,1082,108.21666666666668,CONTACT_CANDIDATE
voo-2-com-rajada,1083,108.31666666666668,CONTACT_CANDIDATE
voo-2-com-rajada,1084,108.41666666666669,CONTACT_CANDIDATE
voo-2-com-rajada,1085,108.51666666666668,CONTACT_CANDIDATE
voo-2-com-rajada,1086,108.61666666666667,CONTACT_CANDIDATE
voo-2-com-rajada,1087,108.71666666666668,CONTACT_CANDIDATE
voo-2-com-rajada,1088,108.81666666666668,CONTACT_CANDIDATE
voo-2-com-rajada,1089,108.91666666666669,CONTACT_CANDIDATE
voo-2-com-rajada,1090,109.01666666666668,CONTACT_CANDIDATE
voo-2-com-rajada,1091,109.11666666666667,CONTACT_CANDIDATE
voo-2-com-rajada,1092,109.21666666666668,CONTACT_CANDIDATE
voo-2-com-rajada,1093,109.31666666666668,CONTACT_CANDIDATE
voo-2-com-rajada,1094,109.41666666666669,CONTACT_CANDIDATE
voo-2-com-rajada,1095,109.51666666666668,CONTACT_CANDIDATE
voo-2-com-rajada,1096,109.61666666666667,CONTACT_CANDIDATE
voo-2-com-rajada,1097,109.71666666666668,CONTACT_CANDIDATE
voo-2-com-rajada,1098,109.81666666666668,CONTACT_CANDIDATE
voo-2-com-rajada,1099,109.91666666666669,CONTACT_CANDIDATE
voo-2-com-rajada,1100,110.01666666666668,CONTACT_CANDIDATE
voo-2-com-rajada,1101,110.11666666666667,CONTACT_CANDIDATE
voo-2-com-rajada,1102,110.21666666666668,CONTACT_CANDIDATE
voo-2-com-rajada,1103,110.31666666666668,CONTACT_CANDIDATE
voo-2-com-rajada,1104,110.41666666666669,CONTACT_CANDIDATE
voo-2-com-rajada,1105,110.51666666666668,CONTACT_CANDIDATE
voo-2-com-rajada,1106,110.61666666666667,CONTACT_CANDIDATE
voo-2-com-rajada,1107,110.71666666666668,CONTACT_CANDIDATE
voo-2-com-rajada,1108,110.81666666666668,CONTACT_CANDIDATE
voo-2-com-rajada,1109,110.91666666666669,CONTACT_CANDIDATE
voo-2-com-rajada,1110,111.01666666666668,CONTACT_CANDIDATE
voo-2-com-rajada,1111,111.11666666666667,CONTACT_CANDIDATE
voo-2-com-rajada,1112,111.21666666666668,CONTACT_CANDIDATE
voo-2-com-rajada,1113,111.31666666666668,CONTACT_CANDIDATE
voo-2-com-rajada,1114,111.41666666666669,CONTACT_CANDIDATE
voo-2-com-rajada,1115,111.51666666666668,CONTACT_CANDIDATE
voo-2-com-rajada,1116,111.61666666666667,CONTACT_CANDIDATE
voo-2-com-rajada,1117,111.71666666666668,CONTACT_CANDIDATE
voo-2-com-rajada,1118,111.81666666666668,CONTACT_CANDIDATE
voo-2-com-rajada,1119,111.91666666666669,CONTACT_CANDIDATE
voo-2-com-rajada,1120,112.01666666666668,CONTACT_CANDIDATE
voo-2-com-rajada,1121,112.11666666666667,CONTACT_CANDIDATE
voo-2-com-rajada,1122,112.21666666666668,CONTACT_CANDIDATE
voo-2-com-rajada,1123,112.31666666666668,CONTACT_CANDIDATE
voo-2-com-rajada,1124,112.41666666666669,CONTACT_CANDIDATE
voo-2-com-rajada,1125,112.51666666666668,CONTACT_CANDIDATE
voo-2-com-rajada,1126,112.61666666666667,CONTACT_CANDIDATE
voo-2-com-rajada,1127,112.71666666666668,CONTACT_CANDIDATE
voo-2-com-rajada,1128,112.81666666666668,CONTACT_CANDIDATE
voo-2-com-rajada,1129,112.91666666666669,CONTACT_CANDIDATE
voo-2-com-rajada,1130,113.01666666666668,CONTACT_CANDIDATE
voo-2-com-rajada,1131,113.11666666666667,CONTACT_CANDIDATE
voo-2-com-rajada,1132,113.21666666666668,CONTACT_CANDIDATE
voo-2-com-rajada,1133,113.31666666666668,CONTACT_CANDIDATE
voo-2-com-rajada,1134,113.41666666666669,CONTACT_CANDIDATE
voo-2-com-rajada,1135,113.51666666666668,CONTACT_CANDIDATE
voo-2-com-rajada,1136,113.61666666666667,CONTACT_CANDIDATE
voo-2-com-rajada,1137,113.71666666666668,CONTACT_CANDIDATE
voo-2-com-rajada,1138,113.81666666666668,CONTACT_CANDIDATE
voo-2-com-rajada,1139,113.91666666666669,CONTACT_CANDIDATE
voo-2-com-rajada,1140,114.01666666666668,CONTACT_CANDIDATE
voo-2-com-rajada,1141,114.11666666666667,CONTACT_CANDIDATE
voo-2-com-rajada,1142,114.21666666666668,ROLLOUT
voo-2-com-rajada,1143,114.31666666666668,ROLLOUT
voo-2-com-rajada,1144,114.41666666666669,ROLLOUT
voo-2-com-rajada,1145,114.51666666666668,ROLLOUT
voo-2-com-rajada,1146,114.61666666666667,ROLLOUT
voo-2-com-rajada,1147,114.71666666666668,ROLLOUT
voo-2-com-rajada,1148,114.81666666666668,ROLLOUT
voo-2-com-rajada,1149,114.91666666666669,ROLLOUT
voo-2-com-rajada,1150,115.01666666666668,ROLLOUT
voo-2-com-rajada,1151,115.11666666666667,ROLLOUT
voo-2-com-rajada,1152,115.21666666666668,ROLLOUT
voo-2-com-rajada,1153,115.31666666666668,ROLLOUT
voo-2-com-rajada,1154,115.41666666666669,ROLLOUT
voo-2-com-rajada,1155,115.51666666666668,ROLLOUT
voo-2-com-rajada,1156,115.61666666666667,ROLLOUT
voo-2-com-rajada,1157,115.71666666666668,ROLLOUT
voo-2-com-rajada,1158,115.81666666666668,ROLLOUT
voo-2-com-rajada,1159,115.91666666666669,ROLLOUT
voo-2-com-rajada,1160,116.01666666666668,ROLLOUT
voo-2-com-rajada,1161,116.11666666666667,ROLLOUT
voo-2-com-rajada,1162,116.21666666666668,ROLLOUT
voo-2-com-rajada,1163,116.31666666666668,ROLLOUT
voo-2-com-rajada,1164,116.41666666666669,ROLLOUT
voo-2-com-rajada,1165,116.51666666666668,ROLLOUT
voo-2-com-rajada,1166,116.61666666666667,ROLLOUT
voo-2-com-rajada,1167,116.71666666666668,ROLLOUT
voo-2-com-rajada,1168,116.81666666666668,ROLLOUT
voo-2-com-rajada,1169,116.91666666666669,ROLLOUT
voo-2-com-rajada,1170,117.01666666666668,ROLLOUT
voo-2-com-rajada,1171,117.11666666666667,ROLLOUT
voo-2-com-rajada,1172,117.21666666666668,ROLLOUT
voo-2-com-rajada,1173,117.31666666666668,ROLLOUT
voo-2-com-rajada,1174,117.41666666666669,ROLLOUT
voo-2-com-rajada,1175,117.51666666666668,ROLLOUT
voo-2-com-rajada,1176,117.61666666666667,ROLLOUT
voo-2-com-rajada,1177,117.71666666666668,ROLLOUT
voo-2-com-rajada,1178,117.81666666666668,ROLLOUT
voo-2-com-rajada,1179,117.91666666666669,ROLLOUT
voo-2-com-rajada,1180,118.01666666666668,ROLLOUT
voo-2-com-rajada,1181,118.11666666666667,ROLLOUT
voo-2-com-rajada,1182,118.21666666666668,ROLLOUT
voo-2-com-rajada,1183,118.31666666666668,ROLLOUT
voo-2-com-rajada,1184,118.41666666666669,ROLLOUT
voo-2-com-rajada,1185,118.51666666666668,ROLLOUT
voo-2-com-rajada,1186,118.61666666666667,ROLLOUT
voo-2-com-rajada,1187,118.71666666666668,ROLLOUT
voo-2-com-rajada,1188,118.81666666666668,ROLLOUT
voo-2-com-rajada,1189,118.91666666666669,ROLLOUT
voo-2-com-rajada,1190,119.01666666666668,ROLLOUT
voo-2-com-rajada,1191,119.11666666666667,ROLLOUT
voo-2-com-rajada,1192,119.21666666666668,ROLLOUT
voo-2-com-rajada,1193,119.31666666666668,ROLLOUT
voo-2-com-rajada,1194,119.41666666666669,ROLLOUT
voo-2-com-rajada,1195,119.51666666666668,ROLLOUT
voo-2-com-rajada,1196,119.61666666666667,ROLLOUT
voo-2-com-rajada,1197,119.71666666666668,ROLLOUT
voo-2-com-rajada,1198,119.81666666666668,ROLLOUT
voo-2-com-rajada,1199,119.91666666666669,ROLLOUT
voo-2-com-rajada,1200,120.01666666666668,ROLLOUT
voo-2-com-rajada,1201,120.11666666666667,ROLLOUT
voo-2-com-rajada,1202,120.21666666666668,ROLLOUT
voo-2-com-rajada,1203,120.31666666666668,ROLLOUT
voo-2-com-rajada,1204,120.41666666666669,ROLLOUT
voo-2-com-rajada,1205,120.51666666666668,ROLLOUT
voo-2-com-rajada,1206,120.61666666666667,ROLLOUT
voo-2-com-rajada,1207,120.71666666666668,ROLLOUT
voo-2-com-rajada,1208,120.81666666666668,ROLLOUT
voo-2-com-rajada,1209,120.91666666666669,ROLLOUT
voo-2-com-rajada,1210,121.01666666666668,ROLLOUT
voo-2-com-rajada,1211,121.11666666666667,ROLLOUT
voo-2-com-rajada,1212,121.21666666666668,ROLLOUT
voo-2-com-rajada,1213,121.31666666666668,ROLLOUT
voo-2-com-rajada,1214,121.41666666666669,ROLLOUT
voo-2-com-rajada,1215,121.51666666666668,ROLLOUT
voo-2-com-rajada,1216,121.61666666666667,ROLLOUT
voo-2-com-rajada,1217,121.71666666666668,ROLLOUT
voo-2-com-rajada,1218,121.81666666666668,ROLLOUT
voo-2-com-rajada,1219,121.91666666666669,ROLLOUT
voo-2-com-rajada,1220,122.01666666666668,ROLLOUT
voo-2-com-rajada,1221,122.11666666666667,ROLLOUT
voo-2-com-rajada,1222,122.21666666666668,ROLLOUT
voo-2-com-rajada,1223,122.31666666666668,ROLLOUT
voo-2-com-rajada,1224,122.41666666666669,ROLLOUT
voo-2-com-rajada,1225,122.51666666666668,ROLLOUT
voo-2-com-rajada,1226,122.61666666666667,ROLLOUT
voo-2-com-rajada,1227,122.71666666666668,ROLLOUT
voo-2-com-rajada,1228,122.81666666666668,ROLLOUT
voo-2-com-rajada,1229,122.91666666666669,ROLLOUT
voo-2-com-rajada,1230,123.01666666666668,ROLLOUT
voo-2-com-rajada,1231,123.11666666666667,ROLLOUT
voo-2-com-rajada,1232,123.21666666666668,ROLLOUT
voo-2-com-rajada,1233,123.31666666666668,ROLLOUT
voo-2-com-rajada,1234,123.41666666666669,ROLLOUT
voo-2-com-rajada,1235,123.51666666666668,ROLLOUT
voo-2-com-rajada,1236,123.61666666666667,ROLLOUT
voo-2-com-rajada,1237,123.71666666666668,ROLLOUT
voo-2-com-rajada,1238,123.81666666666668,ROLLOUT
voo-2-com-rajada,1239,123.91666666666669,ROLLOUT
voo-2-com-rajada,1240,124.01666666666668,ROLLOUT
voo-2-com-rajada,1241,124.11666666666667,ROLLOUT
voo-2-com-rajada,1242,124.21666666666668,ROLLOUT
voo-2-com-rajada,1243,124.31666666666668,ROLLOUT
voo-2-com-rajada,1244,124.41666666666669,ROLLOUT
voo-2-com-rajada,1245,124.51666666666668,ROLLOUT
voo-2-com-rajada,1246,124.61666666666667,ROLLOUT
voo-2-com-rajada,1247,124.71666666666668,ROLLOUT
voo-2-com-rajada,1248,124.81666666666668,ROLLOUT
voo-2-com-rajada,1249,124.91666666666669,ROLLOUT
voo-2-com-rajada,1250,125.01666666666668,ROLLOUT
voo-2-com-rajada,1251,125.11666666666667,ROLLOUT
voo-2-com-rajada,1252,125.21666666666668,ROLLOUT
voo-2-com-rajada,1253,125.31666666666668,COMPLETE
voo-2-com-rajada,1254,125.41666666666669,COMPLETE
voo-2-com-rajada,1255,125.51666666666668,COMPLETE
voo-2-com-rajada,1256,125.61666666666667,COMPLETE
voo-2-com-rajada,1257,125.71666666666668,COMPLETE
voo-2-com-rajada,1258,125.81666666666668,COMPLETE
voo-2-com-rajada,1259,125.91666666666669,COMPLETE
voo-2-com-rajada,1260,126.01666666666668,COMPLETE
voo-2-com-rajada,1261,126.11666666666667,COMPLETE
voo-2-com-rajada,1262,126.21666666666668,COMPLETE
voo-2-com-rajada,1263,126.31666666666668,COMPLETE
voo-2-com-rajada,1264,126.41666666666669,COMPLETE
voo-2-com-rajada,1265,126.51666666666668,COMPLETE
voo-2-com-rajada,1266,126.61666666666667,COMPLETE
voo-2-com-rajada,1267,126.71666666666668,COMPLETE
voo-2-com-rajada,1268,126.81666666666668,COMPLETE
voo-2-com-rajada,1269,126.91666666666669,COMPLETE
voo-2-com-rajada,1270,127.01666666666668,COMPLETE
voo-2-com-rajada,1271,127.11666666666667,COMPLETE
voo-2-com-rajada,1272,127.21666666666668,COMPLETE
voo-2-com-rajada,1273,127.31666666666668,COMPLETE
voo-2-com-rajada,1274,127.41666666666669,COMPLETE
voo-2-com-rajada,1275,127.51666666666668,COMPLETE
voo-2-com-rajada,1276,127.61666666666667,COMPLETE
voo-2-com-rajada,1277,127.71666666666668,COMPLETE
voo-2-com-rajada,1278,127.81666666666668,COMPLETE
voo-2-com-rajada,1279,127.91666666666669,COMPLETE
voo-2-com-rajada,1280,128.01666666666668,COMPLETE
voo-2-com-rajada,1281,128.11666666666667,COMPLETE
voo-2-com-rajada,1282,128.2166666666667,COMPLETE
voo-2-com-rajada,1283,128.3166666666667,COMPLETE
voo-2-com-rajada,1284,128.41666666666669,COMPLETE
voo-2-com-rajada,1285,128.51666666666668,COMPLETE
voo-2-com-rajada,1286,128.61666666666667,COMPLETE
voo-2-com-rajada,1287,128.7166666666667,COMPLETE
voo-2-com-rajada,1288,128.8166666666667,COMPLETE
voo-2-com-rajada,1289,128.91666666666669,COMPLETE
voo-2-com-rajada,1290,129.01666666666668,COMPLETE
voo-2-com-rajada,1291,129.11666666666667,COMPLETE
voo-2-com-rajada,1292,129.2166666666667,COMPLETE
voo-2-com-rajada,1293,129.3166666666667,COMPLETE
voo-2-com-rajada,1294,129.41666666666669,COMPLETE
voo-2-com-rajada,1295,129.51666666666668,COMPLETE
voo-2-com-rajada,1296,129.61666666666667,COMPLETE
voo-2-com-rajada,1297,129.7166666666667,COMPLETE
voo-2-com-rajada,1298,129.8166666666667,COMPLETE
voo-2-com-rajada,1299,129.91666666666669,COMPLETE
voo-2-com-rajada,1300,130.01666666666668,COMPLETE
voo-2-com-rajada,1301,130.11666666666667,COMPLETE
voo-2-com-rajada,1302,130.2166666666667,COMPLETE
voo-2-com-rajada,1303,130.3166666666667,COMPLETE
voo-2-com-rajada,1304,130.41666666666669,COMPLETE
voo-2-com-rajada,1305,130.51666666666668,COMPLETE
voo-2-com-rajada,1306,130.61666666666667,COMPLETE
voo-2-com-rajada,1307,130.7166666666667,COMPLETE
voo-2-com-rajada,1308,130.8166666666667,COMPLETE
voo-2-com-rajada,1309,130.91666666666669,COMPLETE
voo-2-com-rajada,1310,131.01666666666668,COMPLETE
voo-2-com-rajada,1311,131.11666666666667,COMPLETE
voo-2-com-rajada,1312,131.2166666666667,COMPLETE
voo-2-com-rajada,1313,131.3166666666667,COMPLETE
voo-2-com-rajada,1314,131.41666666666669,COMPLETE
voo-2-com-rajada,1315,131.51666666666668,COMPLETE
voo-2-com-rajada,1316,131.61666666666667,COMPLETE
voo-2-com-rajada,1317,131.7166666666667,COMPLETE
voo-2-com-rajada,1318,131.8166666666667,COMPLETE
voo-2-com-rajada,1319,131.91666666666669,COMPLETE
voo-2-com-rajada,1320,132.01666666666668,COMPLETE
voo-2-com-rajada,1321,132.11666666666667,COMPLETE
voo-2-com-rajada,1322,132.2166666666667,COMPLETE
voo-2-com-rajada,1323,132.3166666666667,COMPLETE
voo-2-com-rajada,1324,132.41666666666669,COMPLETE
voo-2-com-rajada,1325,132.51666666666668,COMPLETE
voo-2-com-rajada,1326,132.61666666666667,COMPLETE
voo-2-com-rajada,1327,132.7166666666667,COMPLETE
voo-2-com-rajada,1328,132.8166666666667,COMPLETE
voo-3-com-16-nos,1115,111.51666666666668,CONTACT_CANDIDATE
voo-3-com-16-nos,1116,111.61666666666667,CONTACT_CANDIDATE
voo-3-com-16-nos,1179,117.91666666666669,CONTACT_CANDIDATE
voo-3-com-16-nos,1180,118.01666666666668,CONTACT_CANDIDATE
voo-3-com-16-nos,1181,118.11666666666667,CONTACT_CANDIDATE
voo-3-com-16-nos,1182,118.21666666666668,CONTACT_CANDIDATE
voo-3-com-16-nos,1183,118.31666666666668,CONTACT_CANDIDATE
voo-3-com-16-nos,1184,118.41666666666669,CONTACT_CANDIDATE
voo-3-com-16-nos,1185,118.51666666666668,CONTACT_CANDIDATE
voo-3-com-16-nos,1186,118.61666666666667,CONTACT_CANDIDATE
voo-3-com-16-nos,1187,118.71666666666668,CONTACT_CANDIDATE
voo-3-com-16-nos,1188,118.81666666666668,CONTACT_CANDIDATE
voo-3-com-16-nos,1189,118.91666666666669,CONTACT_CANDIDATE
voo-3-com-16-nos,1190,119.01666666666668,CONTACT_CANDIDATE
voo-3-com-16-nos,1191,119.11666666666667,CONTACT_CANDIDATE
voo-3-com-16-nos,1192,119.21666666666668,CONTACT_CANDIDATE
voo-3-com-16-nos,1193,119.31666666666668,CONTACT_CANDIDATE
voo-3-com-16-nos,1194,119.41666666666669,CONTACT_CANDIDATE
voo-3-com-16-nos,1195,119.51666666666668,CONTACT_CANDIDATE
voo-3-com-16-nos,1196,119.61666666666667,CONTACT_CANDIDATE
voo-3-com-16-nos,1197,119.71666666666668,CONTACT_CANDIDATE
voo-3-com-16-nos,1198,119.81666666666668,CONTACT_CANDIDATE
voo-3-com-16-nos,1199,119.91666666666669,CONTACT_CANDIDATE
voo-3-com-16-nos,1200,120.01666666666668,CONTACT_CANDIDATE
voo-3-com-16-nos,1201,120.11666666666667,CONTACT_CANDIDATE
voo-3-com-16-nos,1202,120.21666666666668,CONTACT_CANDIDATE
voo-3-com-16-nos,1203,120.31666666666668,CONTACT_CANDIDATE
voo-3-com-16-nos,1218,121.81666666666668,CONTACT_CANDIDATE
voo-3-com-16-nos,1219,121.91666666666669,CONTACT_CANDIDATE
voo-3-com-16-nos,1228,122.81666666666668,CONTACT_CANDIDATE
voo-3-com-16-nos,1229,122.91666666666669,CONTACT_CANDIDATE
voo-3-com-16-nos,1230,123.01666666666668,CONTACT_CANDIDATE
voo-3-com-16-nos,1231,123.11666666666667,CONTACT_CANDIDATE
voo-3-com-16-nos,1232,123.21666666666668,CONTACT_CANDIDATE
voo-3-com-16-nos,1233,123.31666666666668,CONTACT_CANDIDATE
voo-3-com-16-nos,1234,123.41666666666669,CONTACT_CANDIDATE
voo-3-com-16-nos,1235,123.51666666666668,CONTACT_CANDIDATE
voo-3-com-16-nos,1236,123.61666666666667,CONTACT_CANDIDATE
voo-3-com-16-nos,1237,123.71666666666668,CONTACT_CANDIDATE
voo-3-com-16-nos,1238,123.81666666666668,CONTACT_CANDIDATE
voo-3-com-16-nos,1239,123.91666666666669,CONTACT_CANDIDATE
voo-3-com-16-nos,1240,124.01666666666668,CONTACT_CANDIDATE
voo-3-com-16-nos,1241,124.11666666666667,CONTACT_CANDIDATE
voo-3-com-16-nos,1242,124.21666666666668,CONTACT_CANDIDATE
voo-3-com-16-nos,1243,124.31666666666668,CONTACT_CANDIDATE
voo-3-com-16-nos,1244,124.41666666666669,CONTACT_CANDIDATE
voo-3-com-16-nos,1245,124.51666666666668,CONTACT_CANDIDATE
voo-3-com-16-nos,1246,124.61666666666667,CONTACT_CANDIDATE
voo-3-com-16-nos,1247,124.71666666666668,CONTACT_CANDIDATE
voo-3-com-16-nos,1248,124.81666666666668,CONTACT_CANDIDATE
voo-3-com-16-nos,1249,124.91666666666669,CONTACT_CANDIDATE
voo-3-com-16-nos,1250,125.01666666666668,CONTACT_CANDIDATE
voo-3-com-16-nos,1251,125.11666666666667,CONTACT_CANDIDATE
voo-3-com-16-nos,1252,125.21666666666668,CONTACT_CANDIDATE
voo-3-com-16-nos,1253,125.31666666666668,CONTACT_CANDIDATE
voo-3-com-16-nos,1254,125.41666666666669,CONTACT_CANDIDATE
voo-3-com-16-nos,1255,125.51666666666668,CONTACT_CANDIDATE
voo-3-com-16-nos,1256,125.61666666666667,CONTACT_CANDIDATE
voo-3-com-16-nos,1257,125.71666666666668,CONTACT_CANDIDATE
voo-3-com-16-nos,1258,125.81666666666668,CONTACT_CANDIDATE
voo-3-com-16-nos,1259,125.91666666666669,CONTACT_CANDIDATE
voo-3-com-16-nos,1260,126.01666666666668,CONTACT_CANDIDATE
voo-3-com-16-nos,1261,126.11666666666667,CONTACT_CANDIDATE
voo-3-com-16-nos,1262,126.21666666666668,CONTACT_CANDIDATE
voo-3-com-16-nos,1263,126.31666666666668,CONTACT_CANDIDATE
voo-3-com-16-nos,1264,126.41666666666669,CONTACT_CANDIDATE
voo-3-com-16-nos,1265,126.51666666666668,CONTACT_CANDIDATE
voo-3-com-16-nos,1266,126.61666666666667,CONTACT_CANDIDATE
voo-3-com-16-nos,1267,126.71666666666668,CONTACT_CANDIDATE
voo-3-com-16-nos,1268,126.81666666666668,CONTACT_CANDIDATE
voo-3-com-16-nos,1269,126.91666666666669,CONTACT_CANDIDATE
voo-3-com-16-nos,1270,127.01666666666668,CONTACT_CANDIDATE
voo-3-com-16-nos,1271,127.11666666666667,CONTACT_CANDIDATE
voo-3-com-16-nos,1272,127.21666666666668,CONTACT_CANDIDATE
voo-3-com-16-nos,1273,127.31666666666668,CONTACT_CANDIDATE
voo-3-com-16-nos,1274,127.41666666666669,CONTACT_CANDIDATE
voo-3-com-16-nos,1275,127.51666666666668,CONTACT_CANDIDATE
voo-3-com-16-nos,1276,127.61666666666667,CONTACT_CANDIDATE
voo-3-com-16-nos,1277,127.71666666666668,CONTACT_CANDIDATE
voo-3-com-16-nos,1278,127.81666666666668,CONTACT_CANDIDATE
voo-3-com-16-nos,1279,127.91666666666669,CONTACT_CANDIDATE
voo-3-com-16-nos,1280,128.01666666666668,CONTACT_CANDIDATE
voo-3-com-16-nos,1281,128.11666666666667,CONTACT_CANDIDATE
voo-3-com-16-nos,1282,128.2166666666667,CONTACT_CANDIDATE
voo-com-16-nos,983,98.31666666666668,CONTACT_CANDIDATE
voo-com-16-nos,984,98.41666666666669,CONTACT_CANDIDATE
voo-com-16-nos,985,98.51666666666668,CONTACT_CANDIDATE
voo-com-16-nos,997,99.71666666666668,CONTACT_CANDIDATE
voo-com-16-nos,998,99.81666666666668,CONTACT_CANDIDATE
voo-com-16-nos,999,99.91666666666669,CONTACT_CANDIDATE
voo-com-16-nos,1000,100.01666666666668,CONTACT_CANDIDATE
voo-com-16-nos,1001,100.11666666666667,CONTACT_CANDIDATE
voo-com-16-nos,1002,100.21666666666668,CONTACT_CANDIDATE
voo-com-16-nos,1003,100.31666666666668,CONTACT_CANDIDATE
voo-com-16-nos,1004,100.41666666666669,CONTACT_CANDIDATE
voo-com-16-nos,1005,100.51666666666668,CONTACT_CANDIDATE
voo-com-16-nos,1006,100.61666666666667,CONTACT_CANDIDATE
voo-com-16-nos,1007,100.71666666666668,CONTACT_CANDIDATE
voo-com-16-nos,1008,100.81666666666668,CONTACT_CANDIDATE
voo-com-16-nos,1009,100.91666666666669,CONTACT_CANDIDATE
voo-com-16-nos,1010,101.01666666666668,CONTACT_CANDIDATE
voo-com-16-nos,1011,101.11666666666667,CONTACT_CANDIDATE
voo-com-16-nos,1012,101.21666666666668,CONTACT_CANDIDATE
voo-com-16-nos,1013,101.31666666666668,CONTACT_CANDIDATE
voo-com-16-nos,1014,101.41666666666669,CONTACT_CANDIDATE
voo-com-16-nos,1015,101.51666666666668,CONTACT_CANDIDATE
voo-com-16-nos,1016,101.61666666666667,CONTACT_CANDIDATE
voo-com-16-nos,1017,101.71666666666668,CONTACT_CANDIDATE
voo-com-16-nos,1018,101.81666666666668,CONTACT_CANDIDATE
voo-com-16-nos,1019,101.91666666666669,CONTACT_CANDIDATE
voo-com-16-nos,1020,102.01666666666668,CONTACT_CANDIDATE
voo-com-16-nos,1021,102.11666666666667,CONTACT_CANDIDATE
voo-com-16-nos,1022,102.21666666666668,CONTACT_CANDIDATE
voo-com-16-nos,1023,102.31666666666668,CONTACT_CANDIDATE
voo-com-16-nos,1024,102.41666666666669,CONTACT_CANDIDATE
voo-com-16-nos,1025,102.51666666666668,CONTACT_CANDIDATE
voo-com-16-nos,1026,102.61666666666667,CONTACT_CANDIDATE
voo-com-16-nos,1027,102.71666666666668,CONTACT_CANDIDATE
voo-com-16-nos,1028,102.81666666666668,CONTACT_CANDIDATE
voo-com-16-nos,1029,102.91666666666669,CONTACT_CANDIDATE
voo-com-16-nos,1030,103.01666666666668,CONTACT_CANDIDATE
voo-com-16-nos,1031,103.11666666666667,CONTACT_CANDIDATE
voo-com-16-nos,1032,103.21666666666668,CONTACT_CANDIDATE
voo-com-16-nos,1033,103.31666666666668,CONTACT_CANDIDATE
voo-com-16-nos,1034,103.41666666666669,CONTACT_CANDIDATE
voo-com-16-nos,1035,103.51666666666668,CONTACT_CANDIDATE
voo-com-16-nos,1036,103.61666666666667,CONTACT_CANDIDATE
voo-com-16-nos,1037,103.71666666666668,CONTACT_CANDIDATE
voo-com-16-nos,1038,103.81666666666668,CONTACT_CANDIDATE
voo-com-16-nos,1039,103.91666666666669,CONTACT_CANDIDATE
voo-com-16-nos,1040,104.01666666666668,CONTACT_CANDIDATE
voo-com-16-nos,1041,104.11666666666667,CONTACT_CANDIDATE
voo-com-16-nos,1042,104.21666666666668,CONTACT_CANDIDATE
voo-com-16-nos,1043,104.31666666666668,CONTACT_CANDIDATE
voo-com-16-nos,1044,104.41666666666669,CONTACT_CANDIDATE
voo-com-16-nos,1045,104.51666666666668,CONTACT_CANDIDATE
voo-com-16-nos,1046,104.61666666666667,CONTACT_CANDIDATE
voo-com-16-nos,1047,104.71666666666668,CONTACT_CANDIDATE
voo-com-16-nos,1048,104.81666666666668,CONTACT_CANDIDATE
voo-com-16-nos,1049,104.91666666666669,CONTACT_CANDIDATE
voo-com-16-nos,1050,105.01666666666668,CONTACT_CANDIDATE
voo-com-16-nos,1051,105.11666666666667,CONTACT_CANDIDATE
voo-com-16-nos,1052,105.21666666666668,CONTACT_CANDIDATE
voo-com-16-nos,1053,105.31666666666668,CONTACT_CANDIDATE
voo-com-16-nos,1054,105.41666666666669,CONTACT_CANDIDATE
voo-com-16-nos,1055,105.51666666666668,CONTACT_CANDIDATE
voo-com-16-nos,1056,105.61666666666667,CONTACT_CANDIDATE
voo-com-16-nos,1057,105.71666666666668,CONTACT_CANDIDATE
voo-com-16-nos,1058,105.81666666666668,CONTACT_CANDIDATE
voo-com-16-nos,1059,105.91666666666669,CONTACT_CANDIDATE
voo-com-16-nos,1060,106.01666666666668,CONTACT_CANDIDATE
voo-com-16-nos,1061,106.11666666666667,CONTACT_CANDIDATE
voo-com-16-nos,1062,106.21666666666668,CONTACT_CANDIDATE
voo-com-16-nos,1063,106.31666666666668,CONTACT_CANDIDATE
voo-com-16-nos,1064,106.41666666666669,CONTACT_CANDIDATE
voo-com-16-nos,1065,106.51666666666668,CONTACT_CANDIDATE
voo-com-16-nos,1066,106.61666666666667,CONTACT_CANDIDATE
voo-com-16-nos,1067,106.71666666666668,CONTACT_CANDIDATE
voo-com-16-nos,1068,106.81666666666668,CONTACT_CANDIDATE
voo-com-16-nos,1069,106.91666666666669,CONTACT_CANDIDATE
voo-com-16-nos,1070,107.01666666666668,CONTACT_CANDIDATE
voo-com-16-nos,1071,107.11666666666667,CONTACT_CANDIDATE
voo-com-16-nos,1072,107.21666666666668,CONTACT_CANDIDATE
voo-com-16-nos,1073,107.31666666666668,CONTACT_CANDIDATE
voo-com-16-nos,1074,107.41666666666669,CONTACT_CANDIDATE
voo-com-16-nos,1075,107.51666666666668,CONTACT_CANDIDATE
voo-com-16-nos,1076,107.61666666666667,CONTACT_CANDIDATE
voo-com-16-nos,1077,107.71666666666668,CONTACT_CANDIDATE
voo-com-16-nos,1078,107.81666666666668,CONTACT_CANDIDATE
voo-com-16-nos,1079,107.91666666666669,CONTACT_CANDIDATE
voo-com-16-nos,1080,108.01666666666668,CONTACT_CANDIDATE
voo-com-16-nos,1081,108.11666666666667,CONTACT_CANDIDATE
voo-com-16-nos,1082,108.21666666666668,CONTACT_CANDIDATE
voo-com-16-nos,1083,108.31666666666668,CONTACT_CANDIDATE
voo-com-16-nos,1084,108.41666666666669,CONTACT_CANDIDATE
voo-com-16-nos,1085,108.51666666666668,CONTACT_CANDIDATE
voo-com-16-nos,1086,108.61666666666667,CONTACT_CANDIDATE
voo-com-16-nos,1087,108.71666666666668,CONTACT_CANDIDATE
voo-com-16-nos,1088,108.81666666666668,CONTACT_CANDIDATE
voo-com-16-nos,1089,108.91666666666669,CONTACT_CANDIDATE
voo-com-16-nos,1090,109.01666666666668,CONTACT_CANDIDATE
voo-com-16-nos,1091,109.11666666666667,CONTACT_CANDIDATE
voo-com-16-nos,1092,109.21666666666668,CONTACT_CANDIDATE
voo-com-16-nos,1093,109.31666666666668,CONTACT_CANDIDATE
voo-com-16-nos,1094,109.41666666666669,CONTACT_CANDIDATE
voo-com-16-nos,1095,109.51666666666668,CONTACT_CANDIDATE
voo-com-16-nos,1096,109.61666666666667,CONTACT_CANDIDATE
voo-com-16-nos,1097,109.71666666666668,CONTACT_CANDIDATE
voo-com-16-nos,1098,109.81666666666668,CONTACT_CANDIDATE
voo-com-16-nos,1099,109.91666666666669,CONTACT_CANDIDATE
voo-com-16-nos,1100,110.01666666666668,CONTACT_CANDIDATE
voo-com-16-nos,1101,110.11666666666667,CONTACT_CANDIDATE
voo-com-16-nos,1102,110.21666666666668,CONTACT_CANDIDATE
voo-com-16-nos,1103,110.31666666666668,CONTACT_CANDIDATE
voo-com-16-nos,1104,110.41666666666669,CONTACT_CANDIDATE
voo-com-16-nos,1105,110.51666666666668,CONTACT_CANDIDATE
voo-com-16-nos,1106,110.61666666666667,CONTACT_CANDIDATE
voo-com-16-nos,1107,110.71666666666668,CONTACT_CANDIDATE
voo-com-16-nos,1108,110.81666666666668,CONTACT_CANDIDATE
voo-com-16-nos,1109,110.91666666666669,CONTACT_CANDIDATE
voo-com-16-nos,1110,111.01666666666668,CONTACT_CANDIDATE
voo-com-16-nos,1111,111.11666666666667,CONTACT_CANDIDATE
voo-com-16-nos,1112,111.21666666666668,CONTACT_CANDIDATE
voo-com-16-nos,1113,111.31666666666668,CONTACT_CANDIDATE
voo-com-16-nos,1114,111.41666666666669,CONTACT_CANDIDATE
voo-com-16-nos,1115,111.51666666666668,CONTACT_CANDIDATE
voo-com-16-nos,1116,111.61666666666667,CONTACT_CANDIDATE
voo-com-16-nos,1117,111.71666666666668,CONTACT_CANDIDATE
voo-com-16-nos,1118,111.81666666666668,CONTACT_CANDIDATE
voo-com-16-nos,1119,111.91666666666669,CONTACT_CANDIDATE
voo-com-16-nos,1120,112.01666666666668,CONTACT_CANDIDATE
voo-com-16-nos,1121,112.11666666666667,CONTACT_CANDIDATE
voo-com-16-nos,1122,112.21666666666668,CONTACT_CANDIDATE
voo-com-16-nos,1123,112.31666666666668,CONTACT_CANDIDATE
voo-com-16-nos,1124,112.41666666666669,CONTACT_CANDIDATE
voo-com-16-nos,1125,112.51666666666668,CONTACT_CANDIDATE
voo-com-16-nos,1126,112.61666666666667,CONTACT_CANDIDATE
voo-com-16-nos,1127,112.71666666666668,CONTACT_CANDIDATE
voo-com-16-nos,1128,112.81666666666668,CONTACT_CANDIDATE
voo-com-16-nos,1129,112.91666666666669,CONTACT_CANDIDATE
voo-com-16-nos,1130,113.01666666666668,CONTACT_CANDIDATE
voo-com-16-nos,1131,113.11666666666667,CONTACT_CANDIDATE
voo-com-16-nos,1132,113.21666666666668,CONTACT_CANDIDATE
voo-com-16-nos,1133,113.31666666666668,CONTACT_CANDIDATE
voo-com-16-nos,1134,113.41666666666669,CONTACT_CANDIDATE
voo-com-16-nos,1135,113.51666666666668,CONTACT_CANDIDATE
voo-com-16-nos,1136,113.61666666666667,CONTACT_CANDIDATE
voo-com-16-nos,1137,113.71666666666668,CONTACT_CANDIDATE
voo-com-16-nos,1138,113.81666666666668,CONTACT_CANDIDATE
voo-com-16-nos,1139,113.91666666666669,CONTACT_CANDIDATE
voo-com-16-nos,1140,114.01666666666668,CONTACT_CANDIDATE
voo-com-16-nos,1141,114.11666666666667,CONTACT_CANDIDATE
voo-com-16-nos,1142,114.21666666666668,CONTACT_CANDIDATE
voo-com-16-nos,1143,114.31666666666668,CONTACT_CANDIDATE
voo-com-16-nos,1144,114.41666666666669,CONTACT_CANDIDATE
voo-com-16-nos,1145,114.51666666666668,CONTACT_CANDIDATE
voo-com-16-nos,1146,114.61666666666667,CONTACT_CANDIDATE
voo-com-16-nos,1147,114.71666666666668,CONTACT_CANDIDATE
voo-com-16-nos,1148,114.81666666666668,CONTACT_CANDIDATE
voo-com-16-nos,1149,114.91666666666669,CONTACT_CANDIDATE
voo-com-16-nos,1150,115.01666666666668,CONTACT_CANDIDATE
voo-com-16-nos,1151,115.11666666666667,CONTACT_CANDIDATE
voo-com-16-nos,1152,115.21666666666668,CONTACT_CANDIDATE
voo-com-16-nos,1153,115.31666666666668,CONTACT_CANDIDATE
voo-com-16-nos,1154,115.41666666666669,CONTACT_CANDIDATE
voo-com-16-nos,1155,115.51666666666668,CONTACT_CANDIDATE
voo-com-16-nos,1156,115.61666666666667,CONTACT_CANDIDATE
voo-com-16-nos,1157,115.71666666666668,CONTACT_CANDIDATE
voo-com-16-nos,1158,115.81666666666668,CONTACT_CANDIDATE
voo-com-16-nos,1159,115.91666666666669,CONTACT_CANDIDATE
voo-com-16-nos,1160,116.01666666666668,CONTACT_CANDIDATE
voo-com-16-nos,1161,116.11666666666667,CONTACT_CANDIDATE
voo-com-16-nos,1162,116.21666666666668,CONTACT_CANDIDATE
voo-com-16-nos,1163,116.31666666666668,CONTACT_CANDIDATE
voo-com-16-nos,1164,116.41666666666669,CONTACT_CANDIDATE
voo-com-16-nos,1165,116.51666666666668,CONTACT_CANDIDATE
voo-com-16-nos,1166,116.61666666666667,CONTACT_CANDIDATE
voo-com-16-nos,1167,116.71666666666668,CONTACT_CANDIDATE
voo-com-16-nos,1168,116.81666666666668,CONTACT_CANDIDATE
voo-com-16-nos,1169,116.91666666666669,CONTACT_CANDIDATE
voo-com-16-nos,1170,117.01666666666668,CONTACT_CANDIDATE
voo-com-16-nos,1171,117.11666666666667,CONTACT_CANDIDATE
voo-com-16-nos,1172,117.21666666666668,CONTACT_CANDIDATE
voo-com-16-nos,1173,117.31666666666668,CONTACT_CANDIDATE
voo-com-16-nos,1174,117.41666666666669,CONTACT_CANDIDATE
voo-com-16-nos,1175,117.51666666666668,CONTACT_CANDIDATE
voo-com-16-nos,1176,117.61666666666667,CONTACT_CANDIDATE
voo-com-16-nos,1177,117.71666666666668,CONTACT_CANDIDATE
voo-com-16-nos,1178,117.81666666666668,CONTACT_CANDIDATE
voo-com-16-nos,1179,117.91666666666669,CONTACT_CANDIDATE
voo-com-16-nos,1180,118.01666666666668,CONTACT_CANDIDATE
voo-com-16-nos,1181,118.11666666666667,CONTACT_CANDIDATE
voo-com-16-nos,1182,118.21666666666668,CONTACT_CANDIDATE
voo-com-16-nos,1183,118.31666666666668,CONTACT_CANDIDATE
voo-com-16-nos,1184,118.41666666666669,CONTACT_CANDIDATE
voo-com-16-nos,1185,118.51666666666668,CONTACT_CANDIDATE
voo-com-16-nos,1186,118.61666666666667,CONTACT_CANDIDATE
voo-com-16-nos,1187,118.71666666666668,CONTACT_CANDIDATE
voo-com-16-nos,1188,118.81666666666668,CONTACT_CANDIDATE
voo-com-16-nos,1189,118.91666666666669,CONTACT_CANDIDATE
voo-com-16-nos,1190,119.01666666666668,CONTACT_CANDIDATE
voo-com-16-nos,1191,119.11666666666667,CONTACT_CANDIDATE
voo-com-16-nos,1192,119.21666666666668,CONTACT_CANDIDATE
voo-com-16-nos,1193,119.31666666666668,CONTACT_CANDIDATE
voo-com-16-nos,1194,119.41666666666669,CONTACT_CANDIDATE
voo-com-16-nos,1195,119.51666666666668,CONTACT_CANDIDATE
voo-com-16-nos,1196,119.61666666666667,CONTACT_CANDIDATE
voo-com-16-nos,1197,119.71666666666668,CONTACT_CANDIDATE
voo-com-16-nos,1198,119.81666666666668,CONTACT_CANDIDATE
voo-com-16-nos,1199,119.91666666666669,CONTACT_CANDIDATE
voo-com-16-nos,1200,120.01666666666668,CONTACT_CANDIDATE
voo-com-16-nos,1201,120.11666666666667,CONTACT_CANDIDATE
voo-com-16-nos,1202,120.21666666666668,CONTACT_CANDIDATE
voo-com-16-nos,1203,120.31666666666668,CONTACT_CANDIDATE
voo-com-16-nos,1204,120.41666666666669,CONTACT_CANDIDATE
voo-com-16-nos,1205,120.51666666666668,CONTACT_CANDIDATE
voo-com-16-nos,1206,120.61666666666667,CONTACT_CANDIDATE
voo-com-16-nos,1207,120.71666666666668,CONTACT_CANDIDATE
voo-com-16-nos,1208,120.81666666666668,CONTACT_CANDIDATE
voo-com-16-nos,1209,120.91666666666669,CONTACT_CANDIDATE
voo-com-16-nos,1210,121.01666666666668,CONTACT_CANDIDATE
voo-com-16-nos,1211,121.11666666666667,CONTACT_CANDIDATE
voo-com-16-nos,1212,121.21666666666668,CONTACT_CANDIDATE
voo-com-16-nos,1213,121.31666666666668,CONTACT_CANDIDATE
voo-com-16-nos,1214,121.41666666666669,CONTACT_CANDIDATE
voo-com-16-nos,1215,121.51666666666668,CONTACT_CANDIDATE
voo-com-16-nos,1216,121.61666666666667,CONTACT_CANDIDATE
voo-com-16-nos,1217,121.71666666666668,CONTACT_CANDIDATE
voo-com-16-nos,1218,121.81666666666668,CONTACT_CANDIDATE
voo-com-16-nos,1219,121.91666666666669,CONTACT_CANDIDATE
voo-com-16-nos,1220,122.01666666666668,CONTACT_CANDIDATE
voo-com-16-nos,1221,122.11666666666667,CONTACT_CANDIDATE
voo-com-16-nos,1222,122.21666666666668,CONTACT_CANDIDATE
voo-com-16-nos,1223,122.31666666666668,CONTACT_CANDIDATE
voo-com-16-nos,1224,122.41666666666669,CONTACT_CANDIDATE
voo-com-16-nos,1225,122.51666666666668,CONTACT_CANDIDATE
voo-com-16-nos,1226,122.61666666666667,CONTACT_CANDIDATE
voo-com-16-nos,1227,122.71666666666668,CONTACT_CANDIDATE
voo-com-16-nos,1228,122.81666666666668,CONTACT_CANDIDATE
voo-com-16-nos,1229,122.91666666666669,CONTACT_CANDIDATE
voo-com-16-nos,1230,123.01666666666668,CONTACT_CANDIDATE
voo-com-16-nos,1231,123.11666666666667,CONTACT_CANDIDATE
voo-com-16-nos,1232,123.21666666666668,CONTACT_CANDIDATE
voo-com-16-nos,1233,123.31666666666668,CONTACT_CANDIDATE
voo-com-16-nos,1234,123.41666666666669,CONTACT_CANDIDATE
voo-com-16-nos,1235,123.51666666666668,CONTACT_CANDIDATE
voo-com-16-nos,1236,123.61666666666667,CONTACT_CANDIDATE
voo-com-16-nos,1237,123.71666666666668,CONTACT_CANDIDATE
voo-com-16-nos,1238,123.81666666666668,CONTACT_CANDIDATE
voo-com-16-nos,1239,123.91666666666669,CONTACT_CANDIDATE
voo-com-16-nos,1240,124.01666666666668,CONTACT_CANDIDATE
voo-com-16-nos,1241,124.11666666666667,CONTACT_CANDIDATE
voo-com-16-nos,1242,124.21666666666668,CONTACT_CANDIDATE
voo-com-16-nos,1243,124.31666666666668,CONTACT_CANDIDATE
voo-com-16-nos,1244,124.41666666666669,CONTACT_CANDIDATE
voo-com-16-nos,1245,124.51666666666668,CONTACT_CANDIDATE
voo-com-16-nos,1246,124.61666666666667,CONTACT_CANDIDATE
voo-com-16-nos,1247,124.71666666666668,CONTACT_CANDIDATE
voo-com-16-nos,1248,124.81666666666668,CONTACT_CANDIDATE
voo-com-16-nos,1249,124.91666666666669,CONTACT_CANDIDATE
voo-com-16-nos,1250,125.01666666666668,CONTACT_CANDIDATE
voo-com-16-nos,1251,125.11666666666667,CONTACT_CANDIDATE
voo-com-16-nos,1252,125.21666666666668,CONTACT_CANDIDATE
voo-com-16-nos,1253,125.31666666666668,CONTACT_CANDIDATE
voo-com-16-nos,1254,125.41666666666669,CONTACT_CANDIDATE
voo-com-16-nos,1255,125.51666666666668,CONTACT_CANDIDATE
voo-com-16-nos,1256,125.61666666666667,CONTACT_CANDIDATE
voo-com-16-nos,1257,125.71666666666668,CONTACT_CANDIDATE
voo-com-16-nos,1258,125.81666666666668,CONTACT_CANDIDATE
voo-com-16-nos,1259,125.91666666666669,CONTACT_CANDIDATE
voo-com-16-nos,1260,126.01666666666668,CONTACT_CANDIDATE
voo-com-16-nos,1261,126.11666666666667,CONTACT_CANDIDATE
voo-com-16-nos,1262,126.21666666666668,CONTACT_CANDIDATE
voo-com-16-nos,1263,126.31666666666668,CONTACT_CANDIDATE
voo-com-16-nos,1264,126.41666666666669,CONTACT_CANDIDATE
voo-com-16-nos,1265,126.51666666666668,CONTACT_CANDIDATE
voo-com-16-nos,1266,126.61666666666667,CONTACT_CANDIDATE
voo-com-16-nos,1267,126.71666666666668,CONTACT_CANDIDATE
voo-com-16-nos,1268,126.81666666666668,CONTACT_CANDIDATE
voo-com-16-nos,1269,126.91666666666669,CONTACT_CANDIDATE
voo-com-16-nos,1270,127.01666666666668,CONTACT_CANDIDATE
voo-com-16-nos,1271,127.11666666666667,CONTACT_CANDIDATE
voo-com-16-nos,1272,127.21666666666668,CONTACT_CANDIDATE
voo-com-16-nos,1273,127.31666666666668,CONTACT_CANDIDATE
voo-com-16-nos,1274,127.41666666666669,CONTACT_CANDIDATE
voo-com-16-nos,1275,127.51666666666668,CONTACT_CANDIDATE
voo-com-16-nos,1276,127.61666666666667,CONTACT_CANDIDATE
voo-com-16-nos,1277,127.71666666666668,CONTACT_CANDIDATE
voo-com-16-nos,1278,127.81666666666668,CONTACT_CANDIDATE
voo-com-16-nos,1279,127.91666666666669,CONTACT_CANDIDATE
voo-com-16-nos,1280,128.01666666666668,CONTACT_CANDIDATE
voo-com-16-nos,1281,128.11666666666667,CONTACT_CANDIDATE
voo-com-16-nos,1282,128.2166666666667,CONTACT_CANDIDATE
voo-com-16-nos,1283,128.3166666666667,CONTACT_CANDIDATE
voo-com-16-nos,1284,128.41666666666669,CONTACT_CANDIDATE
voo-com-16-nos,1285,128.51666666666668,CONTACT_CANDIDATE
voo-com-16-nos,1286,128.61666666666667,CONTACT_CANDIDATE
voo-com-16-nos,1287,128.7166666666667,CONTACT_CANDIDATE
voo-com-16-nos,1288,128.8166666666667,CONTACT_CANDIDATE
voo-com-16-nos,1289,128.91666666666669,CONTACT_CANDIDATE
voo-com-16-nos,1290,129.01666666666668,CONTACT_CANDIDATE
voo-com-16-nos,1291,129.11666666666667,CONTACT_CANDIDATE
voo-com-16-nos,1292,129.2166666666667,CONTACT_CANDIDATE
voo-com-16-nos,1293,129.3166666666667,CONTACT_CANDIDATE
voo-com-16-nos,1294,129.41666666666669,CONTACT_CANDIDATE
voo-com-16-nos,1295,129.51666666666668,CONTACT_CANDIDATE
voo-com-16-nos,1296,129.61666666666667,CONTACT_CANDIDATE
voo-com-16-nos,1297,129.7166666666667,CONTACT_CANDIDATE
voo-com-16-nos,1298,129.8166666666667,CONTACT_CANDIDATE
voo-com-16-nos,1299,129.91666666666669,CONTACT_CANDIDATE
voo-com-16-nos,1300,130.01666666666668,CONTACT_CANDIDATE
voo-com-16-nos,1301,130.11666666666667,CONTACT_CANDIDATE
voo-com-16-nos,1302,130.2166666666667,CONTACT_CANDIDATE
voo-com-16-nos,1303,130.3166666666667,CONTACT_CANDIDATE
voo-com-16-nos,1304,130.41666666666669,CONTACT_CANDIDATE
voo-com-16-nos,1305,130.51666666666668,CONTACT_CANDIDATE
voo-com-16-nos,1306,130.61666666666667,CONTACT_CANDIDATE
voo-com-16-nos,1307,130.7166666666667,CONTACT_CANDIDATE
voo-com-16-nos,1308,130.8166666666667,CONTACT_CANDIDATE
voo-com-16-nos,1309,130.91666666666669,CONTACT_CANDIDATE
voo-com-16-nos,1310,131.01666666666668,CONTACT_CANDIDATE
voo-com-16-nos,1311,131.11666666666667,CONTACT_CANDIDATE
voo-com-16-nos,1312,131.2166666666667,CONTACT_CANDIDATE
voo-com-16-nos,1313,131.3166666666667,CONTACT_CANDIDATE
voo-com-16-nos,1314,131.41666666666669,CONTACT_CANDIDATE
voo-com-16-nos,1315,131.51666666666668,CONTACT_CANDIDATE
voo-com-16-nos,1316,131.61666666666667,CONTACT_CANDIDATE
voo-com-16-nos,1317,131.7166666666667,CONTACT_CANDIDATE
voo-com-16-nos,1318,131.8166666666667,CONTACT_CANDIDATE
voo-com-16-nos,1319,131.91666666666669,CONTACT_CANDIDATE
voo-com-16-nos,1320,132.01666666666668,CONTACT_CANDIDATE
voo-com-16-nos,1321,132.11666666666667,CONTACT_CANDIDATE
voo-com-16-nos,1322,132.2166666666667,CONTACT_CANDIDATE
voo-com-16-nos,1323,132.3166666666667,CONTACT_CANDIDATE
voo-com-16-nos,1324,132.41666666666669,CONTACT_CANDIDATE
voo-com-16-nos,1325,132.51666666666668,CONTACT_CANDIDATE
voo-com-16-nos,1326,132.61666666666667,CONTACT_CANDIDATE
voo-com-16-nos,1327,132.7166666666667,CONTACT_CANDIDATE
voo-com-16-nos,1328,132.8166666666667,CONTACT_CANDIDATE
voo-com-16-nos,1329,132.91666666666669,CONTACT_CANDIDATE
voo-com-16-nos,1330,133.01666666666668,CONTACT_CANDIDATE
voo-com-16-nos,1331,133.11666666666667,CONTACT_CANDIDATE
voo-com-16-nos,1332,133.2166666666667,CONTACT_CANDIDATE
voo-com-16-nos,1333,133.3166666666667,CONTACT_CANDIDATE
voo-com-16-nos,1334,133.41666666666669,CONTACT_CANDIDATE
voo-com-16-nos,1335,133.51666666666668,CONTACT_CANDIDATE
voo-com-16-nos,1336,133.61666666666667,CONTACT_CANDIDATE
voo-com-16-nos,1337,133.7166666666667,CONTACT_CANDIDATE
voo-com-16-nos,1338,133.8166666666667,CONTACT_CANDIDATE
voo-com-16-nos,1339,133.91666666666669,CONTACT_CANDIDATE
voo-com-16-nos,1340,134.01666666666668,CONTACT_CANDIDATE
voo-com-16-nos,1341,134.11666666666667,CONTACT_CANDIDATE
voo-com-16-nos,1342,134.2166666666667,CONTACT_CANDIDATE
voo-com-16-nos,1343,134.3166666666667,CONTACT_CANDIDATE
voo-com-16-nos,1344,134.41666666666669,CONTACT_CANDIDATE
voo-com-16-nos,1345,134.51666666666668,CONTACT_CANDIDATE
voo-com-16-nos,1346,134.61666666666667,CONTACT_CANDIDATE
voo-com-16-nos,1347,134.7166666666667,CONTACT_CANDIDATE
voo-com-16-nos,1348,134.8166666666667,CONTACT_CANDIDATE
voo-com-16-nos,1349,134.91666666666669,CONTACT_CANDIDATE
voo-com-16-nos,1350,135.01666666666668,CONTACT_CANDIDATE
voo-com-16-nos,1351,135.11666666666667,CONTACT_CANDIDATE
voo-com-16-nos,1352,135.2166666666667,CONTACT_CANDIDATE
voo-com-16-nos,1353,135.3166666666667,CONTACT_CANDIDATE
voo-com-16-nos,1354,135.41666666666669,CONTACT_CANDIDATE
voo-com-16-nos,1355,135.51666666666668,CONTACT_CANDIDATE
voo-com-16-nos,1356,135.61666666666667,CONTACT_CANDIDATE
voo-com-16-nos,1357,135.7166666666667,CONTACT_CANDIDATE
voo-com-16-nos,1358,135.8166666666667,CONTACT_CANDIDATE
voo-com-16-nos,1359,135.91666666666669,CONTACT_CANDIDATE
voo-com-16-nos,1360,136.01666666666668,CONTACT_CANDIDATE
voo-com-16-nos,1361,136.11666666666667,CONTACT_CANDIDATE
voo-com-16-nos,1362,136.2166666666667,CONTACT_CANDIDATE
voo-com-16-nos,1363,136.3166666666667,CONTACT_CANDIDATE
voo-com-16-nos,1364,136.41666666666669,CONTACT_CANDIDATE
voo-com-16-nos,1365,136.51666666666668,CONTACT_CANDIDATE
voo-com-16-nos,1366,136.61666666666667,CONTACT_CANDIDATE
voo-com-16-nos,1367,136.7166666666667,CONTACT_CANDIDATE
voo-com-16-nos,1368,136.8166666666667,CONTACT_CANDIDATE
voo-com-16-nos,1369,136.91666666666669,ROLLOUT
voo-com-16-nos,1370,137.01666666666668,ROLLOUT
voo-com-16-nos,1371,137.11666666666667,ROLLOUT
voo-com-16-nos,1372,137.2166666666667,ROLLOUT
voo-com-16-nos,1373,137.3166666666667,ROLLOUT
voo-com-16-nos,1374,137.41666666666669,ROLLOUT
voo-com-16-nos,1375,137.51666666666668,ROLLOUT
voo-com-16-nos,1376,137.61666666666667,ROLLOUT
voo-com-16-nos,1377,137.7166666666667,ROLLOUT
voo-com-16-nos,1378,137.8166666666667,ROLLOUT
voo-com-16-nos,1379,137.91666666666669,ROLLOUT
voo-com-16-nos,1380,138.01666666666668,ROLLOUT
voo-com-16-nos,1381,138.11666666666667,ROLLOUT
voo-com-16-nos,1382,138.2166666666667,ROLLOUT
voo-com-16-nos,1383,138.3166666666667,ROLLOUT
voo-com-16-nos,1384,138.41666666666669,ROLLOUT
voo-com-16-nos,1385,138.51666666666668,ROLLOUT
voo-com-16-nos,1386,138.61666666666667,ROLLOUT
voo-com-16-nos,1387,138.7166666666667,ROLLOUT
voo-com-16-nos,1388,138.8166666666667,ROLLOUT
voo-com-16-nos,1389,138.91666666666669,ROLLOUT
voo-com-16-nos,1390,139.01666666666668,ROLLOUT
voo-com-16-nos,1391,139.11666666666667,ROLLOUT
voo-com-16-nos,1392,139.2166666666667,ROLLOUT
voo-com-16-nos,1393,139.3166666666667,ROLLOUT
voo-com-16-nos,1394,139.41666666666669,ROLLOUT
voo-com-16-nos,1395,139.51666666666668,ROLLOUT
voo-com-16-nos,1396,139.61666666666667,ROLLOUT
voo-com-16-nos,1397,139.7166666666667,ROLLOUT
voo-com-16-nos,1398,139.8166666666667,ROLLOUT
voo-com-16-nos,1399,139.91666666666669,ROLLOUT
voo-com-16-nos,1400,140.01666666666668,ROLLOUT
voo-com-16-nos,1401,140.11666666666667,ROLLOUT
voo-com-16-nos,1402,140.2166666666667,ROLLOUT
voo-com-16-nos,1403,140.3166666666667,ROLLOUT
voo-com-16-nos,1404,140.41666666666669,ROLLOUT
voo-com-16-nos,1405,140.51666666666668,ROLLOUT
voo-com-16-nos,1406,140.61666666666667,ROLLOUT
voo-com-16-nos,1407,140.7166666666667,COMPLETE
voo-com-16-nos,1408,140.8166666666667,COMPLETE
voo-com-16-nos,1409,140.91666666666669,COMPLETE
voo-com-16-nos,1410,141.01666666666668,COMPLETE
voo-com-16-nos,1411,141.11666666666667,COMPLETE
voo-com-16-nos,1412,141.2166666666667,COMPLETE
voo-com-16-nos,1413,141.3166666666667,COMPLETE
voo-com-16-nos,1414,141.41666666666669,COMPLETE
voo-com-16-nos,1415,141.51666666666668,COMPLETE
voo-com-16-nos,1416,141.61666666666667,COMPLETE
voo-com-16-nos,1417,141.7166666666667,COMPLETE
voo-com-16-nos,1418,141.8166666666667,COMPLETE
voo-com-16-nos,1419,141.91666666666669,COMPLETE
voo-com-16-nos,1420,142.01666666666668,COMPLETE
voo-com-16-nos,1421,142.11666666666667,COMPLETE
voo-com-16-nos,1422,142.2166666666667,COMPLETE
voo-com-16-nos,1423,142.3166666666667,COMPLETE
voo-com-16-nos,1424,142.41666666666669,COMPLETE
voo-com-16-nos,1425,142.51666666666668,COMPLETE
voo-com-16-nos,1426,142.61666666666667,COMPLETE
voo-com-16-nos,1427,142.7166666666667,COMPLETE
voo-com-16-nos,1428,142.8166666666667,COMPLETE
voo-com-16-nos,1429,142.91666666666669,COMPLETE
voo-com-16-nos,1430,143.01666666666668,COMPLETE
voo-com-16-nos,1431,143.11666666666667,COMPLETE
voo-com-16-nos,1432,143.2166666666667,COMPLETE
voo-com-16-nos,1433,143.3166666666667,COMPLETE
voo-com-16-nos,1434,143.41666666666669,COMPLETE
voo-com-16-nos,1435,143.51666666666668,COMPLETE
voo-com-16-nos,1436,143.61666666666667,COMPLETE
voo-com-8-nos,859,85.91666666666667,CONTACT_CANDIDATE
voo-com-8-nos,860,86.01666666666667,CONTACT_CANDIDATE
voo-com-8-nos,877,87.71666666666667,CONTACT_CANDIDATE
voo-com-8-nos,878,87.81666666666668,CONTACT_CANDIDATE
voo-com-8-nos,891,89.11666666666667,CONTACT_CANDIDATE
voo-com-8-nos,892,89.21666666666667,CONTACT_CANDIDATE
voo-com-8-nos,893,89.31666666666668,CONTACT_CANDIDATE
voo-com-8-nos,894,89.41666666666667,CONTACT_CANDIDATE
voo-com-8-nos,895,89.51666666666667,CONTACT_CANDIDATE
voo-com-8-nos,896,89.61666666666667,CONTACT_CANDIDATE
voo-com-8-nos,897,89.71666666666667,CONTACT_CANDIDATE
voo-com-8-nos,898,89.81666666666668,CONTACT_CANDIDATE
voo-com-8-nos,899,89.91666666666667,CONTACT_CANDIDATE
voo-com-8-nos,900,90.01666666666667,CONTACT_CANDIDATE
voo-com-8-nos,901,90.11666666666667,CONTACT_CANDIDATE
voo-com-8-nos,902,90.21666666666668,CONTACT_CANDIDATE
voo-com-8-nos,903,90.31666666666668,CONTACT_CANDIDATE
voo-com-8-nos,904,90.41666666666669,CONTACT_CANDIDATE
voo-com-8-nos,905,90.51666666666668,CONTACT_CANDIDATE
voo-com-8-nos,906,90.61666666666667,CONTACT_CANDIDATE
voo-com-8-nos,907,90.71666666666668,CONTACT_CANDIDATE
voo-com-8-nos,908,90.81666666666668,CONTACT_CANDIDATE
voo-com-8-nos,909,90.91666666666669,CONTACT_CANDIDATE
voo-com-8-nos,910,91.01666666666668,CONTACT_CANDIDATE
voo-com-8-nos,911,91.11666666666667,CONTACT_CANDIDATE
voo-com-8-nos,912,91.21666666666668,CONTACT_CANDIDATE
voo-com-8-nos,913,91.31666666666668,CONTACT_CANDIDATE
voo-com-8-nos,914,91.41666666666669,CONTACT_CANDIDATE
voo-com-8-nos,915,91.51666666666668,CONTACT_CANDIDATE
voo-com-8-nos,916,91.61666666666667,CONTACT_CANDIDATE
voo-com-8-nos,917,91.71666666666668,CONTACT_CANDIDATE
voo-com-8-nos,918,91.81666666666668,CONTACT_CANDIDATE
voo-com-8-nos,919,91.91666666666669,CONTACT_CANDIDATE
voo-com-8-nos,920,92.01666666666668,CONTACT_CANDIDATE
voo-com-8-nos,921,92.11666666666667,CONTACT_CANDIDATE
voo-com-8-nos,922,92.21666666666668,CONTACT_CANDIDATE
voo-com-8-nos,923,92.31666666666668,CONTACT_CANDIDATE
voo-com-8-nos,924,92.41666666666669,CONTACT_CANDIDATE
voo-com-8-nos,925,92.51666666666668,CONTACT_CANDIDATE
voo-com-8-nos,926,92.61666666666667,CONTACT_CANDIDATE
voo-com-8-nos,927,92.71666666666668,CONTACT_CANDIDATE
voo-com-8-nos,928,92.81666666666668,CONTACT_CANDIDATE
voo-com-8-nos,929,92.91666666666669,CONTACT_CANDIDATE
voo-com-8-nos,930,93.01666666666668,CONTACT_CANDIDATE
voo-com-8-nos,931,93.11666666666667,CONTACT_CANDIDATE
voo-com-8-nos,932,93.21666666666668,CONTACT_CANDIDATE
voo-com-8-nos,933,93.31666666666668,CONTACT_CANDIDATE
voo-com-8-nos,934,93.41666666666669,CONTACT_CANDIDATE
voo-com-8-nos,935,93.51666666666668,CONTACT_CANDIDATE
voo-com-8-nos,936,93.61666666666667,CONTACT_CANDIDATE
voo-com-8-nos,937,93.71666666666668,CONTACT_CANDIDATE
voo-com-8-nos,938,93.81666666666668,CONTACT_CANDIDATE
voo-com-8-nos,939,93.91666666666669,CONTACT_CANDIDATE
voo-com-8-nos,940,94.01666666666668,CONTACT_CANDIDATE
voo-com-8-nos,941,94.11666666666667,CONTACT_CANDIDATE
voo-com-8-nos,942,94.21666666666668,CONTACT_CANDIDATE
voo-com-8-nos,943,94.31666666666668,CONTACT_CANDIDATE
voo-com-8-nos,944,94.41666666666669,CONTACT_CANDIDATE
voo-com-8-nos,945,94.51666666666668,CONTACT_CANDIDATE
voo-com-8-nos,946,94.61666666666667,CONTACT_CANDIDATE
voo-com-8-nos,947,94.71666666666668,CONTACT_CANDIDATE
voo-com-8-nos,948,94.81666666666668,ROLLOUT
voo-com-8-nos,949,94.91666666666669,ROLLOUT
voo-com-8-nos,950,95.01666666666668,ROLLOUT
voo-com-8-nos,951,95.11666666666667,ROLLOUT
voo-com-8-nos,952,95.21666666666668,ROLLOUT
voo-com-8-nos,953,95.31666666666668,ROLLOUT
voo-com-8-nos,954,95.41666666666669,ROLLOUT
voo-com-8-nos,955,95.51666666666668,ROLLOUT
voo-com-8-nos,956,95.61666666666667,ROLLOUT
voo-com-8-nos,957,95.71666666666668,ROLLOUT
voo-com-8-nos,958,95.81666666666668,ROLLOUT
voo-com-8-nos,959,95.91666666666669,ROLLOUT
voo-com-8-nos,960,96.01666666666668,ROLLOUT
voo-com-8-nos,961,96.11666666666667,ROLLOUT
voo-com-8-nos,962,96.21666666666668,ROLLOUT
voo-com-8-nos,963,96.31666666666668,ROLLOUT
voo-com-8-nos,964,96.41666666666669,ROLLOUT
voo-com-8-nos,965,96.51666666666668,ROLLOUT
voo-com-8-nos,966,96.61666666666667,ROLLOUT
voo-com-8-nos,967,96.71666666666668,ROLLOUT
voo-com-8-nos,968,96.81666666666668,ROLLOUT
voo-com-8-nos,969,96.91666666666669,ROLLOUT
voo-com-8-nos,970,97.01666666666668,ROLLOUT
voo-com-8-nos,971,97.11666666666667,ROLLOUT
voo-com-8-nos,972,97.21666666666668,ROLLOUT
voo-com-8-nos,973,97.31666666666668,ROLLOUT
voo-com-8-nos,974,97.41666666666669,ROLLOUT
voo-com-8-nos,975,97.51666666666668,ROLLOUT
voo-com-8-nos,976,97.61666666666667,ROLLOUT
voo-com-8-nos,977,97.71666666666668,ROLLOUT
voo-com-8-nos,978,97.81666666666668,ROLLOUT
voo-com-8-nos,979,97.91666666666669,ROLLOUT
voo-com-8-nos,980,98.01666666666668,ROLLOUT
voo-com-8-nos,981,98.11666666666667,ROLLOUT
voo-com-8-nos,982,98.21666666666668,ROLLOUT
voo-com-8-nos,983,98.31666666666668,ROLLOUT
voo-com-8-nos,984,98.41666666666669,ROLLOUT
voo-com-8-nos,985,98.51666666666668,ROLLOUT
voo-com-8-nos,986,98.61666666666667,ROLLOUT
voo-com-8-nos,987,98.71666666666668,ROLLOUT
voo-com-8-nos,988,98.81666666666668,ROLLOUT
voo-com-8-nos,989,98.91666666666669,ROLLOUT
voo-com-8-nos,990,99.01666666666668,ROLLOUT
voo-com-8-nos,991,99.11666666666667,ROLLOUT
voo-com-8-nos,992,99.21666666666668,ROLLOUT
voo-com-8-nos,993,99.31666666666668,ROLLOUT
voo-com-8-nos,994,99.41666666666669,ROLLOUT
voo-com-8-nos,995,99.51666666666668,ROLLOUT
voo-com-8-nos,996,99.61666666666667,ROLLOUT
voo-com-8-nos,997,99.71666666666668,ROLLOUT
voo-com-8-nos,998,99.81666666666668,ROLLOUT
voo-com-8-nos,999,99.91666666666669,ROLLOUT
voo-com-8-nos,1000,100.01666666666668,ROLLOUT
voo-com-8-nos,1001,100.11666666666667,ROLLOUT
voo-com-8-nos,1002,100.21666666666668,ROLLOUT
voo-com-8-nos,1003,100.31666666666668,ROLLOUT
voo-com-8-nos,1004,100.41666666666669,ROLLOUT
voo-com-8-nos,1005,100.51666666666668,ROLLOUT
voo-com-8-nos,1006,100.61666666666667,ROLLOUT
voo-com-8-nos,1007,100.71666666666668,ROLLOUT
voo-com-8-nos,1008,100.81666666666668,ROLLOUT
voo-com-8-nos,1009,100.91666666666669,ROLLOUT
voo-com-8-nos,1010,101.01666666666668,ROLLOUT
voo-com-8-nos,1011,101.11666666666667,ROLLOUT
voo-com-8-nos,1012,101.21666666666668,ROLLOUT
voo-com-8-nos,1013,101.31666666666668,ROLLOUT
voo-com-8-nos,1014,101.41666666666669,ROLLOUT
voo-com-8-nos,1015,101.51666666666668,ROLLOUT
voo-com-8-nos,1016,101.61666666666667,ROLLOUT
voo-com-8-nos,1017,101.71666666666668,ROLLOUT
voo-com-8-nos,1018,101.81666666666668,ROLLOUT
voo-com-8-nos,1019,101.91666666666669,ROLLOUT
voo-com-8-nos,1020,102.01666666666668,ROLLOUT
voo-com-8-nos,1021,102.11666666666667,ROLLOUT
voo-com-8-nos,1022,102.21666666666668,ROLLOUT
voo-com-8-nos,1023,102.31666666666668,ROLLOUT
voo-com-8-nos,1024,102.41666666666669,ROLLOUT
voo-com-8-nos,1025,102.51666666666668,ROLLOUT
voo-com-8-nos,1026,102.61666666666667,ROLLOUT
voo-com-8-nos,1027,102.71666666666668,ROLLOUT
voo-com-8-nos,1028,102.81666666666668,ROLLOUT
voo-com-8-nos,1029,102.91666666666669,ROLLOUT
voo-com-8-nos,1030,103.01666666666668,ROLLOUT
voo-com-8-nos,1031,103.11666666666667,ROLLOUT
voo-com-8-nos,1032,103.21666666666668,ROLLOUT
voo-com-8-nos,1033,103.31666666666668,ROLLOUT
voo-com-8-nos,1034,103.41666666666669,ROLLOUT
voo-com-8-nos,1035,103.51666666666668,ROLLOUT
voo-com-8-nos,1036,103.61666666666667,ROLLOUT
voo-com-8-nos,1037,103.71666666666668,ROLLOUT
voo-com-8-nos,1038,103.81666666666668,ROLLOUT
voo-com-8-nos,1039,103.91666666666669,ROLLOUT
voo-com-8-nos,1040,104.01666666666668,ROLLOUT
voo-com-8-nos,1041,104.11666666666667,ROLLOUT
voo-com-8-nos,1042,104.21666666666668,ROLLOUT
voo-com-8-nos,1043,104.31666666666668,ROLLOUT
voo-com-8-nos,1044,104.41666666666669,ROLLOUT
voo-com-8-nos,1045,104.51666666666668,ROLLOUT
voo-com-8-nos,1046,104.61666666666667,ROLLOUT
voo-com-8-nos,1047,104.71666666666668,ROLLOUT
voo-com-8-nos,1048,104.81666666666668,ROLLOUT
voo-com-8-nos,1049,104.91666666666669,ROLLOUT
voo-com-8-nos,1050,105.01666666666668,ROLLOUT
voo-com-8-nos,1051,105.11666666666667,ROLLOUT
voo-com-8-nos,1052,105.21666666666668,ROLLOUT
voo-com-8-nos,1053,105.31666666666668,ROLLOUT
voo-com-8-nos,1054,105.41666666666669,ROLLOUT
voo-com-8-nos,1055,105.51666666666668,ROLLOUT
voo-com-8-nos,1056,105.61666666666667,ROLLOUT
voo-com-8-nos,1057,105.71666666666668,ROLLOUT
voo-com-8-nos,1058,105.81666666666668,ROLLOUT
voo-com-8-nos,1059,105.91666666666669,ROLLOUT
voo-com-8-nos,1060,106.01666666666668,ROLLOUT
voo-com-8-nos,1061,106.11666666666667,ROLLOUT
voo-com-8-nos,1062,106.21666666666668,ROLLOUT
voo-com-8-nos,1063,106.31666666666668,ROLLOUT
voo-com-8-nos,1064,106.41666666666669,ROLLOUT
voo-com-8-nos,1065,106.51666666666668,ROLLOUT
voo-com-8-nos,1066,106.61666666666667,ROLLOUT
voo-com-8-nos,1067,106.71666666666668,ROLLOUT
voo-com-8-nos,1068,106.81666666666668,ROLLOUT
voo-com-8-nos,1069,106.91666666666669,ROLLOUT
voo-com-8-nos,1070,107.01666666666668,ROLLOUT
voo-com-8-nos,1071,107.11666666666667,ROLLOUT
voo-com-8-nos,1072,107.21666666666668,ROLLOUT
voo-com-8-nos,1073,107.31666666666668,ROLLOUT
voo-com-8-nos,1074,107.41666666666669,COMPLETE
voo-com-8-nos,1075,107.51666666666668,COMPLETE
voo-com-8-nos,1076,107.61666666666667,COMPLETE
voo-com-8-nos,1077,107.71666666666668,COMPLETE
voo-com-8-nos,1078,107.81666666666668,COMPLETE
voo-com-8-nos,1079,107.91666666666669,COMPLETE
voo-com-8-nos,1080,108.01666666666668,COMPLETE
voo-com-8-nos,1081,108.11666666666667,COMPLETE
voo-com-8-nos,1082,108.21666666666668,COMPLETE
voo-com-8-nos,1083,108.31666666666668,COMPLETE
voo-com-8-nos,1084,108.41666666666669,COMPLETE
voo-com-8-nos,1085,108.51666666666668,COMPLETE
voo-com-8-nos,1086,108.61666666666667,COMPLETE
voo-com-8-nos,1087,108.71666666666668,COMPLETE
voo-com-8-nos,1088,108.81666666666668,COMPLETE
voo-com-8-nos,1089,108.91666666666669,COMPLETE
voo-com-8-nos,1090,109.01666666666668,COMPLETE
voo-com-8-nos,1091,109.11666666666667,COMPLETE
voo-com-8-nos,1092,109.21666666666668,COMPLETE
voo-com-8-nos,1093,109.31666666666668,COMPLETE
voo-com-8-nos,1094,109.41666666666669,COMPLETE
voo-com-8-nos,1095,109.51666666666668,COMPLETE
voo-com-8-nos,1096,109.61666666666667,COMPLETE
voo-com-8-nos,1097,109.71666666666668,COMPLETE
voo-com-8-nos,1098,109.81666666666668,COMPLETE
voo-com-8-nos,1099,109.91666666666669,COMPLETE
voo-com-8-nos,1100,110.01666666666668,COMPLETE
voo-com-8-nos,1101,110.11666666666667,COMPLETE
voo-com-8-nos,1102,110.21666666666668,COMPLETE
voo-com-8-nos,1103,110.31666666666668,COMPLETE
voo-com-8-nos,1104,110.41666666666669,COMPLETE
voo-com-8-nos,1105,110.51666666666668,COMPLETE
voo-com-8-nos,1106,110.61666666666667,COMPLETE
voo-com-8-nos,1107,110.71666666666668,COMPLETE
voo-com-8-nos,1108,110.81666666666668,COMPLETE
voo-com-8-nos,1109,110.91666666666669,COMPLETE
voo-com-8-nos,1110,111.01666666666668,COMPLETE
voo-com-8-nos,1111,111.11666666666667,COMPLETE
voo-com-8-nos,1112,111.21666666666668,COMPLETE
voo-com-rajada-vindo-da-direita,1070,107.01666666666668,CONTACT_CANDIDATE
voo-com-rajada-vindo-da-direita,1071,107.11666666666667,CONTACT_CANDIDATE
voo-com-rajada-vindo-da-direita,1121,112.11666666666667,CONTACT_CANDIDATE
voo-com-rajada-vindo-da-direita,1122,112.21666666666668,CONTACT_CANDIDATE
voo-com-rajada-vindo-da-direita,1123,112.31666666666668,CONTACT_CANDIDATE
voo-com-rajada-vindo-da-direita,1124,112.41666666666669,CONTACT_CANDIDATE
voo-com-rajada-vindo-da-direita,1125,112.51666666666668,CONTACT_CANDIDATE
voo-com-rajada-vindo-da-direita,1126,112.61666666666667,CONTACT_CANDIDATE
voo-com-rajada-vindo-da-direita,1127,112.71666666666668,CONTACT_CANDIDATE
voo-com-rajada-vindo-da-direita,1128,112.81666666666668,CONTACT_CANDIDATE
voo-com-rajada-vindo-da-direita,1129,112.91666666666669,CONTACT_CANDIDATE
voo-com-rajada-vindo-da-direita,1130,113.01666666666668,ROLLOUT
voo-com-rajada-vindo-da-direita,1131,113.11666666666667,ROLLOUT
voo-com-rajada-vindo-da-direita,1132,113.21666666666668,ROLLOUT
voo-com-rajada-vindo-da-direita,1133,113.31666666666668,ROLLOUT
voo-com-rajada-vindo-da-direita,1134,113.41666666666669,ROLLOUT
voo-com-rajada-vindo-da-direita,1135,113.51666666666668,ROLLOUT
voo-com-rajada-vindo-da-direita,1136,113.61666666666667,ROLLOUT
voo-com-rajada-vindo-da-direita,1137,113.71666666666668,ROLLOUT
voo-com-rajada-vindo-da-direita,1138,113.81666666666668,ROLLOUT
voo-com-rajada-vindo-da-direita,1139,113.91666666666669,ROLLOUT
voo-com-rajada-vindo-da-direita,1140,114.01666666666668,ROLLOUT
voo-com-rajada-vindo-da-direita,1141,114.11666666666667,ROLLOUT
voo-com-rajada-vindo-da-direita,1142,114.21666666666668,ROLLOUT
voo-com-rajada-vindo-da-direita,1143,114.31666666666668,ROLLOUT
voo-com-rajada-vindo-da-direita,1144,114.41666666666669,ROLLOUT
voo-com-rajada-vindo-da-direita,1145,114.51666666666668,ROLLOUT
voo-com-rajada-vindo-da-direita,1146,114.61666666666667,ROLLOUT
voo-com-rajada-vindo-da-direita,1147,114.71666666666668,ROLLOUT
voo-com-rajada-vindo-da-direita,1148,114.81666666666668,ROLLOUT
voo-com-rajada-vindo-da-direita,1149,114.91666666666669,ROLLOUT
voo-com-rajada-vindo-da-direita,1150,115.01666666666668,ROLLOUT
voo-com-rajada-vindo-da-direita,1151,115.11666666666667,ROLLOUT
voo-com-rajada-vindo-da-direita,1152,115.21666666666668,ROLLOUT
voo-com-rajada-vindo-da-direita,1153,115.31666666666668,ROLLOUT
voo-com-rajada-vindo-da-direita,1154,115.41666666666669,ROLLOUT
voo-com-rajada-vindo-da-direita,1155,115.51666666666668,ROLLOUT
voo-com-rajada-vindo-da-direita,1156,115.61666666666667,ROLLOUT
voo-com-rajada-vindo-da-direita,1157,115.71666666666668,ROLLOUT
voo-com-rajada-vindo-da-direita,1158,115.81666666666668,ROLLOUT
voo-com-rajada-vindo-da-direita,1159,115.91666666666669,ROLLOUT
voo-com-rajada-vindo-da-direita,1160,116.01666666666668,ROLLOUT
voo-com-rajada-vindo-da-direita,1161,116.11666666666667,ROLLOUT
voo-com-rajada-vindo-da-direita,1162,116.21666666666668,ROLLOUT
voo-com-rajada-vindo-da-direita,1163,116.31666666666668,ROLLOUT
voo-com-rajada-vindo-da-direita,1164,116.41666666666669,ROLLOUT
voo-com-rajada-vindo-da-direita,1165,116.51666666666668,ROLLOUT
voo-com-rajada-vindo-da-direita,1166,116.61666666666667,ROLLOUT
voo-com-rajada-vindo-da-direita,1167,116.71666666666668,ROLLOUT
voo-com-rajada-vindo-da-direita,1168,116.81666666666668,ROLLOUT
voo-com-rajada-vindo-da-direita,1169,116.91666666666669,ROLLOUT
voo-com-rajada-vindo-da-direita,1170,117.01666666666668,ROLLOUT
voo-com-rajada-vindo-da-direita,1171,117.11666666666667,ROLLOUT
voo-com-rajada-vindo-da-direita,1172,117.21666666666668,ROLLOUT
voo-com-rajada-vindo-da-direita,1173,117.31666666666668,ROLLOUT
voo-com-rajada-vindo-da-direita,1174,117.41666666666669,ROLLOUT
voo-com-rajada-vindo-da-direita,1175,117.51666666666668,ROLLOUT
voo-com-rajada-vindo-da-direita,1176,117.61666666666667,ROLLOUT
voo-com-rajada-vindo-da-direita,1177,117.71666666666668,ROLLOUT
voo-com-rajada-vindo-da-direita,1178,117.81666666666668,ROLLOUT
voo-com-rajada-vindo-da-direita,1179,117.91666666666669,ROLLOUT
voo-com-rajada-vindo-da-direita,1180,118.01666666666668,ROLLOUT
voo-com-rajada-vindo-da-direita,1181,118.11666666666667,ROLLOUT
voo-com-rajada-vindo-da-direita,1182,118.21666666666668,ROLLOUT
voo-com-rajada-vindo-da-direita,1183,118.31666666666668,ROLLOUT
voo-com-rajada-vindo-da-direita,1184,118.41666666666669,ROLLOUT
voo-com-rajada-vindo-da-direita,1185,118.51666666666668,ROLLOUT
voo-com-rajada-vindo-da-direita,1186,118.61666666666667,ROLLOUT
voo-com-rajada-vindo-da-direita,1187,118.71666666666668,ROLLOUT
voo-com-rajada-vindo-da-direita,1188,118.81666666666668,ROLLOUT
voo-com-rajada-vindo-da-direita,1189,118.91666666666669,ROLLOUT
voo-com-rajada-vindo-da-direita,1190,119.01666666666668,ROLLOUT
voo-com-rajada-vindo-da-direita,1191,119.11666666666667,ROLLOUT
voo-com-rajada-vindo-da-direita,1192,119.21666666666668,ROLLOUT
voo-com-rajada-vindo-da-direita,1193,119.31666666666668,ROLLOUT
voo-com-rajada-vindo-da-direita,1194,119.41666666666669,ROLLOUT
voo-com-rajada-vindo-da-direita,1195,119.51666666666668,ROLLOUT
voo-com-rajada-vindo-da-direita,1196,119.61666666666667,ROLLOUT
voo-com-rajada-vindo-da-direita,1197,119.71666666666668,ROLLOUT
voo-com-rajada-vindo-da-direita,1198,119.81666666666668,ROLLOUT
voo-com-rajada-vindo-da-direita,1199,119.91666666666669,ROLLOUT
voo-com-rajada-vindo-da-direita,1200,120.01666666666668,ROLLOUT
voo-com-rajada-vindo-da-direita,1201,120.11666666666667,ROLLOUT
voo-com-rajada-vindo-da-direita,1202,120.21666666666668,ROLLOUT
voo-com-rajada-vindo-da-direita,1203,120.31666666666668,ROLLOUT
voo-com-rajada-vindo-da-direita,1204,120.41666666666669,ROLLOUT
voo-com-rajada-vindo-da-direita,1205,120.51666666666668,ROLLOUT
voo-com-rajada-vindo-da-direita,1206,120.61666666666667,ROLLOUT
voo-com-rajada-vindo-da-direita,1207,120.71666666666668,ROLLOUT
voo-com-rajada-vindo-da-direita,1208,120.81666666666668,ROLLOUT
voo-com-rajada-vindo-da-direita,1209,120.91666666666669,ROLLOUT
voo-com-rajada-vindo-da-direita,1210,121.01666666666668,ROLLOUT
voo-com-rajada-vindo-da-direita,1211,121.11666666666667,ROLLOUT
voo-com-rajada-vindo-da-direita,1212,121.21666666666668,ROLLOUT
voo-com-rajada-vindo-da-direita,1213,121.31666666666668,ROLLOUT
voo-com-rajada-vindo-da-direita,1214,121.41666666666669,ROLLOUT
voo-com-rajada-vindo-da-direita,1215,121.51666666666668,ROLLOUT
voo-com-rajada-vindo-da-direita,1216,121.61666666666667,ROLLOUT
voo-com-rajada-vindo-da-direita,1217,121.71666666666668,ROLLOUT
voo-com-rajada-vindo-da-direita,1218,121.81666666666668,ROLLOUT
voo-com-rajada-vindo-da-direita,1219,121.91666666666669,ROLLOUT
voo-com-rajada-vindo-da-direita,1220,122.01666666666668,ROLLOUT
voo-com-rajada-vindo-da-direita,1221,122.11666666666667,ROLLOUT
voo-com-rajada-vindo-da-direita,1222,122.21666666666668,ROLLOUT
voo-com-rajada-vindo-da-direita,1223,122.31666666666668,ROLLOUT
voo-com-rajada-vindo-da-direita,1224,122.41666666666669,ROLLOUT
voo-com-rajada-vindo-da-direita,1225,122.51666666666668,ROLLOUT
voo-com-rajada-vindo-da-direita,1226,122.61666666666667,ROLLOUT
voo-com-rajada-vindo-da-direita,1227,122.71666666666668,ROLLOUT
voo-com-rajada-vindo-da-direita,1228,122.81666666666668,ROLLOUT
voo-com-rajada-vindo-da-direita,1229,122.91666666666669,ROLLOUT
voo-com-rajada-vindo-da-direita,1230,123.01666666666668,ROLLOUT
voo-com-rajada-vindo-da-direita,1231,123.11666666666667,ROLLOUT
voo-com-rajada-vindo-da-direita,1232,123.21666666666668,ROLLOUT
voo-com-rajada-vindo-da-direita,1233,123.31666666666668,ROLLOUT
voo-com-rajada-vindo-da-direita,1234,123.41666666666669,ROLLOUT
voo-com-rajada-vindo-da-direita,1235,123.51666666666668,ROLLOUT
voo-com-rajada-vindo-da-direita,1236,123.61666666666667,ROLLOUT
voo-com-rajada-vindo-da-direita,1237,123.71666666666668,ROLLOUT
voo-com-rajada-vindo-da-direita,1238,123.81666666666668,ROLLOUT
voo-com-rajada-vindo-da-direita,1239,123.91666666666669,ROLLOUT
voo-com-rajada-vindo-da-direita,1240,124.01666666666668,ROLLOUT
voo-com-rajada-vindo-da-direita,1241,124.11666666666667,ROLLOUT
voo-com-rajada-vindo-da-direita,1242,124.21666666666668,ROLLOUT
voo-com-rajada-vindo-da-direita,1243,124.31666666666668,ROLLOUT
voo-com-rajada-vindo-da-direita,1244,124.41666666666669,ROLLOUT
voo-com-rajada-vindo-da-direita,1245,124.51666666666668,ROLLOUT
voo-com-rajada-vindo-da-direita,1246,124.61666666666667,ROLLOUT
voo-com-rajada-vindo-da-direita,1247,124.71666666666668,ROLLOUT
voo-com-rajada-vindo-da-direita,1248,124.81666666666668,ROLLOUT
voo-com-rajada-vindo-da-direita,1249,124.91666666666669,ROLLOUT
voo-com-rajada-vindo-da-direita,1250,125.01666666666668,ROLLOUT
voo-com-rajada-vindo-da-direita,1251,125.11666666666667,ROLLOUT
voo-com-rajada-vindo-da-direita,1252,125.21666666666668,ROLLOUT
voo-com-rajada-vindo-da-direita,1253,125.31666666666668,ROLLOUT
voo-com-rajada-vindo-da-direita,1254,125.41666666666669,ROLLOUT
voo-com-rajada-vindo-da-direita,1255,125.51666666666668,ROLLOUT
voo-com-rajada-vindo-da-direita,1256,125.61666666666667,ROLLOUT
voo-com-rajada-vindo-da-direita,1257,125.71666666666668,ROLLOUT
voo-com-rajada-vindo-da-direita,1258,125.81666666666668,ROLLOUT
voo-com-rajada-vindo-da-direita,1259,125.91666666666669,ROLLOUT
voo-com-rajada-vindo-da-direita,1260,126.01666666666668,ROLLOUT
voo-com-rajada-vindo-da-direita,1261,126.11666666666667,ROLLOUT
voo-com-rajada-vindo-da-direita,1262,126.21666666666668,ROLLOUT
voo-com-rajada-vindo-da-direita,1263,126.31666666666668,ROLLOUT
voo-com-rajada-vindo-da-direita,1264,126.41666666666669,ROLLOUT
voo-com-rajada-vindo-da-direita,1265,126.51666666666668,ROLLOUT
voo-com-rajada-vindo-da-direita,1266,126.61666666666667,ROLLOUT
voo-com-rajada-vindo-da-direita,1267,126.71666666666668,ROLLOUT
voo-com-rajada-vindo-da-direita,1268,126.81666666666668,ROLLOUT
voo-com-rajada-vindo-da-direita,1269,126.91666666666669,ROLLOUT
voo-com-rajada-vindo-da-direita,1270,127.01666666666668,ROLLOUT
voo-com-rajada-vindo-da-direita,1271,127.11666666666667,ROLLOUT
voo-com-rajada-vindo-da-direita,1272,127.21666666666668,ROLLOUT
voo-com-rajada-vindo-da-direita,1273,127.31666666666668,ROLLOUT
voo-com-rajada-vindo-da-direita,1274,127.41666666666669,ROLLOUT
voo-com-rajada-vindo-da-direita,1275,127.51666666666668,ROLLOUT
voo-com-rajada-vindo-da-direita,1276,127.61666666666667,ROLLOUT
voo-com-rajada-vindo-da-direita,1277,127.71666666666668,ROLLOUT
voo-com-rajada-vindo-da-direita,1278,127.81666666666668,ROLLOUT
voo-com-rajada-vindo-da-direita,1279,127.91666666666669,ROLLOUT
voo-com-rajada-vindo-da-direita,1280,128.01666666666668,ROLLOUT
voo-com-rajada-vindo-da-direita,1281,128.11666666666667,ROLLOUT
voo-com-rajada-vindo-da-direita,1282,128.2166666666667,ROLLOUT
voo-com-rajada-vindo-da-direita,1283,128.3166666666667,ROLLOUT
voo-com-rajada-vindo-da-direita,1284,128.41666666666669,ROLLOUT
voo-com-rajada-vindo-da-direita,1285,128.51666666666668,ROLLOUT
voo-com-rajada-vindo-da-direita,1286,128.61666666666667,ROLLOUT
voo-com-rajada-vindo-da-direita,1287,128.7166666666667,ROLLOUT
voo-com-rajada-vindo-da-direita,1288,128.8166666666667,ROLLOUT
voo-com-rajada-vindo-da-direita,1289,128.91666666666669,ROLLOUT
voo-com-rajada-vindo-da-direita,1290,129.01666666666668,ROLLOUT
voo-com-rajada-vindo-da-direita,1291,129.11666666666667,ROLLOUT
voo-com-rajada-vindo-da-direita,1292,129.2166666666667,ROLLOUT
voo-com-rajada-vindo-da-direita,1293,129.3166666666667,ROLLOUT
voo-com-rajada-vindo-da-direita,1294,129.41666666666669,ROLLOUT
voo-com-rajada-vindo-da-direita,1295,129.51666666666668,ROLLOUT
voo-com-rajada-vindo-da-direita,1296,129.61666666666667,ROLLOUT
voo-com-rajada-vindo-da-direita,1297,129.7166666666667,ROLLOUT
voo-com-rajada-vindo-da-direita,1298,129.8166666666667,ROLLOUT
voo-com-rajada-vindo-da-direita,1299,129.91666666666669,ROLLOUT
voo-com-rajada-vindo-da-direita,1300,130.01666666666668,ROLLOUT
voo-com-rajada-vindo-da-direita,1301,130.11666666666667,ROLLOUT
voo-com-rajada-vindo-da-direita,1302,130.2166666666667,ROLLOUT
voo-com-rajada-vindo-da-direita,1303,130.3166666666667,ROLLOUT
voo-com-rajada-vindo-da-direita,1304,130.41666666666669,ROLLOUT
voo-com-rajada-vindo-da-direita,1305,130.51666666666668,ROLLOUT
voo-com-rajada-vindo-da-direita,1306,130.61666666666667,ROLLOUT
voo-com-rajada-vindo-da-direita,1307,130.7166666666667,ROLLOUT
voo-com-rajada-vindo-da-direita,1308,130.8166666666667,ROLLOUT
voo-com-rajada-vindo-da-direita,1309,130.91666666666669,ROLLOUT
voo-com-rajada-vindo-da-direita,1310,131.01666666666668,ROLLOUT
voo-com-rajada-vindo-da-direita,1311,131.11666666666667,ROLLOUT
voo-com-rajada-vindo-da-direita,1312,131.2166666666667,ROLLOUT
voo-com-rajada-vindo-da-direita,1313,131.3166666666667,ROLLOUT
voo-com-rajada-vindo-da-direita,1314,131.41666666666669,ROLLOUT
voo-com-rajada-vindo-da-direita,1315,131.51666666666668,ROLLOUT
voo-com-rajada-vindo-da-direita,1316,131.61666666666667,ROLLOUT
voo-com-rajada-vindo-da-direita,1317,131.7166666666667,ROLLOUT
voo-com-rajada-vindo-da-direita,1318,131.8166666666667,COMPLETE
voo-com-rajada-vindo-da-direita,1319,131.91666666666669,COMPLETE
voo-com-rajada-vindo-da-direita,1320,132.01666666666668,COMPLETE
voo-com-rajada-vindo-da-direita,1321,132.11666666666667,COMPLETE
voo-com-rajada-vindo-da-direita,1322,132.2166666666667,COMPLETE
voo-com-rajada-vindo-da-direita,1323,132.3166666666667,COMPLETE
voo-com-rajada-vindo-da-direita,1324,132.41666666666669,COMPLETE
voo-com-rajada-vindo-da-direita,1325,132.51666666666668,COMPLETE
voo-com-rajada-vindo-da-direita,1326,132.61666666666667,COMPLETE
voo-com-rajada-vindo-da-direita,1327,132.7166666666667,COMPLETE
voo-com-rajada-vindo-da-direita,1328,132.8166666666667,COMPLETE
voo-com-rajada-vindo-da-direita,1329,132.91666666666669,COMPLETE
voo-com-rajada-vindo-da-direita,1330,133.01666666666668,COMPLETE
voo-com-rajada-vindo-da-direita,1331,133.11666666666667,COMPLETE
voo-com-rajada-vindo-da-direita,1332,133.2166666666667,COMPLETE
voo-com-rajada-vindo-da-direita,1333,133.3166666666667,COMPLETE
voo-com-rajada-vindo-da-direita,1334,133.41666666666669,COMPLETE
voo-com-rajada-vindo-da-direita,1335,133.51666666666668,COMPLETE
voo-com-rajada-vindo-da-direita,1336,133.61666666666667,COMPLETE
voo-com-rajada-vindo-da-direita,1337,133.7166666666667,COMPLETE
voo-com-rajada-vindo-da-direita,1338,133.8166666666667,COMPLETE
voo-com-rajada-vindo-da-direita,1339,133.91666666666669,COMPLETE
voo-com-rajada-vindo-da-direita,1340,134.01666666666668,COMPLETE
voo-com-rajada-vindo-da-direita,1341,134.11666666666667,COMPLETE
voo-com-rajada-vindo-da-direita,1342,134.2166666666667,COMPLETE
voo-com-rajada-vindo-da-direita,1343,134.3166666666667,COMPLETE
voo-com-rajada-vindo-da-direita,1344,134.41666666666669,COMPLETE
voo-com-rajada-vindo-da-direita,1345,134.51666666666668,COMPLETE
voo-com-rajada-vindo-da-direita,1346,134.61666666666667,COMPLETE
voo-com-rajada-vindo-da-direita,1347,134.7166666666667,COMPLETE
voo-com-rajada-vindo-da-direita,1348,134.8166666666667,COMPLETE
voo-com-rajada-vindo-da-direita,1349,134.91666666666669,COMPLETE
voo-com-rajada-vindo-da-direita,1350,135.01666666666668,COMPLETE
voo-com-rajada-vindo-da-direita,1351,135.11666666666667,COMPLETE
voo-com-rajada-vindo-da-direita,1352,135.2166666666667,COMPLETE
voo-com-rajada-vindo-da-direita,1353,135.3166666666667,COMPLETE
voo-com-rajada-vindo-da-direita,1354,135.41666666666669,COMPLETE
voo-com-rajada-vindo-da-direita,1355,135.51666666666668,COMPLETE
voo-com-rajada-vindo-da-direita,1356,135.61666666666667,COMPLETE
voo-com-rajada-vindo-da-direita,1357,135.7166666666667,COMPLETE
voo-com-rajada-vindo-da-direita,1358,135.8166666666667,COMPLETE
voo-com-rajada-vindo-da-direita,1359,135.91666666666669,COMPLETE
voo-com-rajada-vindo-da-direita,1360,136.01666666666668,COMPLETE
voo-com-rajada-vindo-da-direita,1361,136.11666666666667,COMPLETE
voo-com-rajada-vindo-da-direita,1362,136.2166666666667,COMPLETE
voo-com-rajada-vindo-da-direita,1363,136.3166666666667,COMPLETE
voo-com-rajada-vindo-da-direita,1364,136.41666666666669,COMPLETE
voo-com-rajada-vindo-da-direita,1365,136.51666666666668,COMPLETE
voo-com-rajada-vindo-da-direita,1366,136.61666666666667,COMPLETE
voo-com-rajada-vindo-da-direita,1367,136.7166666666667,COMPLETE
voo-com-rajada-vindo-da-direita,1368,136.8166666666667,COMPLETE
voo-com-rajada-vindo-da-direita,1369,136.91666666666669,COMPLETE
voo-com-rajada-vindo-da-direita,1370,137.01666666666668,COMPLETE
voo-com-rajada,986,98.616666667,CONTACT_CANDIDATE
voo-com-rajada,987,98.716666667,CONTACT_CANDIDATE
voo-com-rajada,988,98.816666667,CONTACT_CANDIDATE
voo-com-rajada,1004,100.416666667,CONTACT_CANDIDATE
voo-com-rajada,1005,100.516666667,CONTACT_CANDIDATE
voo-com-rajada,1006,100.616666667,CONTACT_CANDIDATE
voo-com-rajada,1007,100.716666667,CONTACT_CANDIDATE
voo-com-rajada,1008,100.816666667,CONTACT_CANDIDATE
voo-com-rajada,1009,100.916666667,CONTACT_CANDIDATE
voo-com-rajada,1010,101.016666667,CONTACT_CANDIDATE
voo-com-rajada,1011,101.116666667,CONTACT_CANDIDATE
voo-com-rajada,1012,101.216666667,CONTACT_CANDIDATE
voo-com-rajada,1013,101.316666667,CONTACT_CANDIDATE
voo-com-rajada,1014,101.416666667,CONTACT_CANDIDATE
voo-com-rajada,1015,101.516666667,CONTACT_CANDIDATE
voo-com-rajada,1016,101.616666667,CONTACT_CANDIDATE
voo-com-rajada,1017,101.716666667,CONTACT_CANDIDATE
voo-com-rajada,1018,101.816666667,CONTACT_CANDIDATE
voo-com-rajada,1019,101.916666667,CONTACT_CANDIDATE
voo-com-rajada,1020,102.016666667,CONTACT_CANDIDATE
voo-com-rajada,1021,102.116666667,CONTACT_CANDIDATE
voo-com-rajada,1022,102.216666667,CONTACT_CANDIDATE
voo-com-rajada,1023,102.316666667,CONTACT_CANDIDATE
voo-com-rajada,1024,102.416666667,CONTACT_CANDIDATE
voo-com-rajada,1025,102.516666667,CONTACT_CANDIDATE
voo-com-rajada,1026,102.616666667,CONTACT_CANDIDATE
voo-com-rajada,1027,102.716666667,CONTACT_CANDIDATE
voo-com-rajada,1028,102.816666667,CONTACT_CANDIDATE
voo-com-rajada,1029,102.916666667,CONTACT_CANDIDATE
voo-com-rajada,1030,103.016666667,CONTACT_CANDIDATE
voo-com-rajada,1031,103.116666667,CONTACT_CANDIDATE
voo-com-rajada,1032,103.216666667,CONTACT_CANDIDATE
voo-com-rajada,1033,103.316666667,CONTACT_CANDIDATE
voo-com-rajada,1034,103.416666667,CONTACT_CANDIDATE
voo-com-rajada,1035,103.516666667,CONTACT_CANDIDATE
voo-com-rajada,1036,103.616666667,CONTACT_CANDIDATE
voo-com-rajada,1037,103.716666667,CONTACT_CANDIDATE
voo-com-rajada,1038,103.816666667,CONTACT_CANDIDATE
voo-com-rajada,1039,103.916666667,CONTACT_CANDIDATE
voo-com-rajada,1040,104.016666667,CONTACT_CANDIDATE
voo-com-rajada,1041,104.116666667,CONTACT_CANDIDATE
voo-com-rajada,1042,104.216666667,CONTACT_CANDIDATE
voo-com-rajada,1043,104.316666667,CONTACT_CANDIDATE
voo-com-rajada,1044,104.416666667,CONTACT_CANDIDATE
voo-com-rajada,1045,104.516666667,CONTACT_CANDIDATE
voo-com-rajada,1046,104.616666667,CONTACT_CANDIDATE
voo-com-rajada,1047,104.716666667,CONTACT_CANDIDATE
voo-com-rajada,1048,104.816666667,CONTACT_CANDIDATE
voo-com-rajada,1049,104.916666667,CONTACT_CANDIDATE
voo-com-rajada,1050,105.016666667,CONTACT_CANDIDATE
voo-com-rajada,1051,105.116666667,CONTACT_CANDIDATE
voo-com-rajada,1052,105.216666667,CONTACT_CANDIDATE
voo-com-rajada,1053,105.316666667,CONTACT_CANDIDATE
voo-com-rajada,1054,105.416666667,CONTACT_CANDIDATE
voo-com-rajada,1055,105.516666667,ROLLOUT
voo-com-rajada,1056,105.616666667,ROLLOUT
voo-com-rajada,1057,105.716666667,ROLLOUT
voo-com-rajada,1058,105.816666667,ROLLOUT
voo-com-rajada,1059,105.916666667,ROLLOUT
voo-com-rajada,1060,106.016666667,ROLLOUT
voo-com-rajada,1061,106.116666667,ROLLOUT
voo-com-rajada,1062,106.216666667,ROLLOUT
voo-com-rajada,1063,106.316666667,ROLLOUT
voo-com-rajada,1064,106.416666667,ROLLOUT
voo-com-rajada,1065,106.516666667,ROLLOUT
voo-com-rajada,1066,106.616666667,ROLLOUT
voo-com-rajada,1067,106.716666667,ROLLOUT
voo-com-rajada,1068,106.816666667,ROLLOUT
voo-com-rajada,1069,106.916666667,ROLLOUT
voo-com-rajada,1070,107.016666667,ROLLOUT
voo-com-rajada,1071,107.116666667,ROLLOUT
voo-com-rajada,1072,107.216666667,ROLLOUT
voo-com-rajada,1073,107.316666667,ROLLOUT
voo-com-rajada,1074,107.416666667,ROLLOUT
voo-com-rajada,1075,107.516666667,ROLLOUT
voo-com-rajada,1076,107.616666667,ROLLOUT
voo-com-rajada,1077,107.716666667,ROLLOUT
voo-com-rajada,1078,107.816666667,ROLLOUT
voo-com-rajada,1079,107.916666667,ROLLOUT
voo-com-rajada,1080,108.016666667,ROLLOUT
voo-com-rajada,1081,108.116666667,ROLLOUT
voo-com-rajada,1082,108.216666667,ROLLOUT
voo-com-rajada,1083,108.316666667,ROLLOUT
voo-com-rajada,1084,108.416666667,ROLLOUT
voo-com-rajada,1085,108.516666667,ROLLOUT
voo-com-rajada,1086,108.616666667,ROLLOUT
voo-com-rajada,1087,108.716666667,ROLLOUT
voo-com-rajada,1088,108.816666667,ROLLOUT
voo-com-rajada,1089,108.916666667,ROLLOUT
voo-com-rajada,1090,109.016666667,ROLLOUT
voo-com-rajada,1091,109.116666667,ROLLOUT
voo-com-rajada,1092,109.216666667,ROLLOUT
voo-com-rajada,1093,109.316666667,ROLLOUT
voo-com-rajada,1094,109.416666667,ROLLOUT
voo-com-rajada,1095,109.516666667,ROLLOUT
voo-com-rajada,1096,109.616666667,ROLLOUT
voo-com-rajada,1097,109.716666667,ROLLOUT
voo-com-rajada,1098,109.816666667,ROLLOUT
voo-com-rajada,1099,109.916666667,ROLLOUT
voo-com-rajada,1100,110.016666667,ROLLOUT
voo-com-rajada,1101,110.116666667,ROLLOUT
voo-com-rajada,1102,110.216666667,ROLLOUT
voo-com-rajada,1103,110.316666667,ROLLOUT
voo-com-rajada,1104,110.416666667,ROLLOUT
voo-com-rajada,1105,110.516666667,ROLLOUT
voo-com-rajada,1106,110.616666667,ROLLOUT
voo-com-rajada,1107,110.716666667,ROLLOUT
voo-com-rajada,1108,110.816666667,ROLLOUT
voo-com-rajada,1109,110.916666667,ROLLOUT
voo-com-rajada,1110,111.016666667,ROLLOUT
voo-com-rajada,1111,111.116666667,ROLLOUT
voo-com-rajada,1112,111.216666667,ROLLOUT
voo-com-rajada,1113,111.316666667,ROLLOUT
voo-com-rajada,1114,111.416666667,ROLLOUT
voo-com-rajada,1115,111.516666667,ROLLOUT
voo-com-rajada,1116,111.616666667,ROLLOUT
voo-com-rajada,1117,111.716666667,ROLLOUT
voo-com-rajada,1118,111.816666667,ROLLOUT
voo-com-rajada,1119,111.916666667,ROLLOUT
voo-com-rajada,1120,112.016666667,ROLLOUT
voo-com-rajada,1121,112.116666667,ROLLOUT
voo-com-rajada,1122,112.216666667,ROLLOUT
voo-com-rajada,1123,112.316666667,ROLLOUT
voo-com-rajada,1124,112.416666667,ROLLOUT
voo-com-rajada,1125,112.516666667,ROLLOUT
voo-com-rajada,1126,112.616666667,ROLLOUT
voo-com-rajada,1127,112.716666667,ROLLOUT
voo-com-rajada,1128,112.816666667,ROLLOUT
voo-com-rajada,1129,112.916666667,ROLLOUT
voo-com-rajada,1130,113.016666667,ROLLOUT
voo-com-rajada,1131,113.116666667,ROLLOUT
voo-com-rajada,1132,113.216666667,ROLLOUT
voo-com-rajada,1133,113.316666667,ROLLOUT
voo-com-rajada,1134,113.416666667,ROLLOUT
voo-com-rajada,1135,113.516666667,ROLLOUT
voo-com-rajada,1136,113.616666667,ROLLOUT
voo-com-rajada,1137,113.716666667,ROLLOUT
voo-com-rajada,1138,113.816666667,ROLLOUT
voo-com-rajada,1139,113.916666667,ROLLOUT
voo-com-rajada,1140,114.016666667,ROLLOUT
voo-com-rajada,1141,114.116666667,ROLLOUT
voo-com-rajada,1142,114.216666667,ROLLOUT
voo-com-rajada,1143,114.316666667,ROLLOUT
voo-com-rajada,1144,114.416666667,ROLLOUT
voo-com-rajada,1145,114.516666667,ROLLOUT
voo-com-rajada,1146,114.616666667,ROLLOUT
voo-com-rajada,1147,114.716666667,ROLLOUT
voo-com-rajada,1148,114.816666667,ROLLOUT
voo-com-rajada,1149,114.916666667,ROLLOUT
voo-com-rajada,1150,115.016666667,ROLLOUT
voo-com-rajada,1151,115.116666667,ROLLOUT
voo-com-rajada,1152,115.216666667,ROLLOUT
voo-com-rajada,1153,115.316666667,ROLLOUT
voo-com-rajada,1154,115.416666667,ROLLOUT
voo-com-rajada,1155,115.516666667,ROLLOUT
voo-com-rajada,1156,115.616666667,ROLLOUT
voo-com-rajada,1157,115.716666667,ROLLOUT
voo-com-rajada,1158,115.816666667,ROLLOUT
voo-com-rajada,1159,115.916666667,ROLLOUT
voo-com-rajada,1160,116.016666667,ROLLOUT
voo-com-rajada,1161,116.116666667,ROLLOUT
voo-com-rajada,1162,116.216666667,ROLLOUT
voo-com-rajada,1163,116.316666667,ROLLOUT
voo-com-rajada,1164,116.416666667,ROLLOUT
voo-com-rajada,1165,116.516666667,ROLLOUT
voo-com-rajada,1166,116.616666667,ROLLOUT
voo-com-rajada,1167,116.716666667,ROLLOUT
voo-com-rajada,1168,116.816666667,ROLLOUT
voo-com-rajada,1169,116.916666667,ROLLOUT
voo-com-rajada,1170,117.016666667,ROLLOUT
voo-com-rajada,1171,117.116666667,ROLLOUT
voo-com-rajada,1172,117.216666667,ROLLOUT
voo-com-rajada,1173,117.316666667,ROLLOUT
voo-com-rajada,1174,117.416666667,ROLLOUT
voo-com-rajada,1175,117.516666667,ROLLOUT
voo-com-rajada,1176,117.616666667,ROLLOUT
voo-com-rajada,1177,117.716666667,ROLLOUT
voo-com-rajada,1178,117.816666667,ROLLOUT
voo-com-rajada,1179,117.916666667,ROLLOUT
voo-com-rajada,1180,118.016666667,ROLLOUT
voo-com-rajada,1181,118.116666667,ROLLOUT
voo-com-rajada,1182,118.216666667,ROLLOUT
voo-com-rajada,1183,118.316666667,ROLLOUT
voo-com-rajada,1184,118.416666667,ROLLOUT
voo-com-rajada,1185,118.516666667,ROLLOUT
voo-com-rajada,1186,118.616666667,ROLLOUT
voo-com-rajada,1187,118.716666667,ROLLOUT
voo-com-rajada,1188,118.816666667,ROLLOUT
voo-com-rajada,1189,118.916666667,ROLLOUT
voo-com-rajada,1190,119.016666667,COMPLETE
voo-condicoes-normais,892,89.21666666666667,CONTACT_CANDIDATE
voo-condicoes-normais,893,89.31666666666668,CONTACT_CANDIDATE
voo-condicoes-normais,894,89.41666666666667,CONTACT_CANDIDATE
voo-condicoes-normais,895,89.51666666666667,CONTACT_CANDIDATE
voo-condicoes-normais,922,92.21666666666668,CONTACT_CANDIDATE
voo-condicoes-normais,923,92.31666666666668,CONTACT_CANDIDATE
voo-condicoes-normais,924,92.41666666666669,CONTACT_CANDIDATE
voo-condicoes-normais,925,92.51666666666668,CONTACT_CANDIDATE
voo-condicoes-normais,926,92.61666666666667,CONTACT_CANDIDATE
voo-condicoes-normais,931,93.11666666666667,CONTACT_CANDIDATE
voo-condicoes-normais,932,93.21666666666668,CONTACT_CANDIDATE
voo-condicoes-normais,933,93.31666666666668,CONTACT_CANDIDATE
voo-condicoes-normais,934,93.41666666666669,CONTACT_CANDIDATE
voo-condicoes-normais,935,93.51666666666668,CONTACT_CANDIDATE
voo-condicoes-normais,936,93.61666666666667,CONTACT_CANDIDATE
voo-condicoes-normais,937,93.71666666666668,CONTACT_CANDIDATE
voo-condicoes-normais,938,93.81666666666668,CONTACT_CANDIDATE
voo-condicoes-normais,939,93.91666666666669,CONTACT_CANDIDATE
voo-condicoes-normais,940,94.01666666666668,CONTACT_CANDIDATE
voo-condicoes-normais,941,94.11666666666667,CONTACT_CANDIDATE
voo-condicoes-normais,942,94.21666666666668,CONTACT_CANDIDATE
voo-condicoes-normais,943,94.31666666666668,CONTACT_CANDIDATE
voo-condicoes-normais,944,94.41666666666669,ROLLOUT
voo-condicoes-normais,945,94.51666666666668,ROLLOUT
voo-condicoes-normais,946,94.61666666666667,ROLLOUT
voo-condicoes-normais,947,94.71666666666668,ROLLOUT
voo-condicoes-normais,948,94.81666666666668,ROLLOUT
voo-condicoes-normais,949,94.91666666666669,ROLLOUT
voo-condicoes-normais,950,95.01666666666668,ROLLOUT
voo-condicoes-normais,951,95.11666666666667,ROLLOUT
voo-condicoes-normais,952,95.21666666666668,ROLLOUT
voo-condicoes-normais,953,95.31666666666668,ROLLOUT
voo-condicoes-normais,954,95.41666666666669,ROLLOUT
voo-condicoes-normais,955,95.51666666666668,ROLLOUT
voo-condicoes-normais,956,95.61666666666667,ROLLOUT
voo-condicoes-normais,957,95.71666666666668,ROLLOUT
voo-condicoes-normais,958,95.81666666666668,ROLLOUT
voo-condicoes-normais,959,95.91666666666669,ROLLOUT
voo-condicoes-normais,960,96.01666666666668,ROLLOUT
voo-condicoes-normais,961,96.11666666666667,ROLLOUT
voo-condicoes-normais,962,96.21666666666668,ROLLOUT
voo-condicoes-normais,963,96.31666666666668,ROLLOUT
voo-condicoes-normais,964,96.41666666666669,ROLLOUT
voo-condicoes-normais,965,96.51666666666668,ROLLOUT
voo-condicoes-normais,966,96.61666666666667,ROLLOUT
voo-condicoes-normais,967,96.71666666666668,ROLLOUT
voo-condicoes-normais,968,96.81666666666668,ROLLOUT
voo-condicoes-normais,969,96.91666666666669,ROLLOUT
voo-condicoes-normais,970,97.01666666666668,ROLLOUT
voo-condicoes-normais,971,97.11666666666667,ROLLOUT
voo-condicoes-normais,972,97.21666666666668,ROLLOUT
voo-condicoes-normais,973,97.31666666666668,ROLLOUT
voo-condicoes-normais,974,97.41666666666669,ROLLOUT
voo-condicoes-normais,975,97.51666666666668,ROLLOUT
voo-condicoes-normais,976,97.61666666666667,ROLLOUT
voo-condicoes-normais,977,97.71666666666668,ROLLOUT
voo-condicoes-normais,978,97.81666666666668,ROLLOUT
voo-condicoes-normais,979,97.91666666666669,ROLLOUT
voo-condicoes-normais,980,98.01666666666668,ROLLOUT
voo-condicoes-normais,981,98.11666666666667,ROLLOUT
voo-condicoes-normais,982,98.21666666666668,ROLLOUT
voo-condicoes-normais,983,98.31666666666668,ROLLOUT
voo-condicoes-normais,984,98.41666666666669,ROLLOUT
voo-condicoes-normais,985,98.51666666666668,ROLLOUT
voo-condicoes-normais,986,98.61666666666667,ROLLOUT
voo-condicoes-normais,987,98.71666666666668,ROLLOUT
voo-condicoes-normais,988,98.81666666666668,ROLLOUT
voo-condicoes-normais,989,98.91666666666669,ROLLOUT
voo-condicoes-normais,990,99.01666666666668,ROLLOUT
voo-condicoes-normais,991,99.11666666666667,ROLLOUT
voo-condicoes-normais,992,99.21666666666668,ROLLOUT
voo-condicoes-normais,993,99.31666666666668,ROLLOUT
voo-condicoes-normais,994,99.41666666666669,ROLLOUT
voo-condicoes-normais,995,99.51666666666668,ROLLOUT
voo-condicoes-normais,996,99.61666666666667,ROLLOUT
voo-condicoes-normais,997,99.71666666666668,ROLLOUT
voo-condicoes-normais,998,99.81666666666668,ROLLOUT
voo-condicoes-normais,1181,118.11666666666667,COMPLETE
voo-condicoes-normais,1182,118.21666666666668,COMPLETE
voo-condicoes-normais,1183,118.31666666666668,COMPLETE
voo-condicoes-normais,1184,118.41666666666669,COMPLETE
voo-condicoes-normais,1185,118.51666666666668,COMPLETE
voo-condicoes-normais,1186,118.61666666666667,COMPLETE
voo-condicoes-normais,1187,118.71666666666668,COMPLETE
voo-condicoes-normais,1188,118.81666666666668,COMPLETE
voo-condicoes-normais,1189,118.91666666666669,COMPLETE
voo-condicoes-normais,1190,119.01666666666668,COMPLETE
voo-condicoes-normais,1191,119.11666666666667,COMPLETE
voo-condicoes-normais,1192,119.21666666666668,COMPLETE
voo-condicoes-normais,1193,119.31666666666668,COMPLETE
voo-condicoes-normais,1194,119.41666666666669,COMPLETE
voo-condicoes-normais,1195,119.51666666666668,COMPLETE
voo-condicoes-normais,1196,119.61666666666667,COMPLETE
voo-condicoes-normais,1197,119.71666666666668,COMPLETE
voo-condicoes-normais,1198,119.81666666666668,COMPLETE
voo-condicoes-normais,1199,119.91666666666669,COMPLETE
voo-condicoes-normais,1200,120.01666666666668,COMPLETE
voo-condicoes-normais,1201,120.11666666666667,COMPLETE
voo-condicoes-normais,1202,120.21666666666668,COMPLETE
voo-condicoes-normais,1203,120.31666666666668,COMPLETE
voo-condicoes-normais,1204,120.41666666666669,COMPLETE
voo-condicoes-normais,1205,120.51666666666668,COMPLETE
voo-condicoes-normais,1206,120.61666666666667,COMPLETE
voo-condicoes-normais,1207,120.71666666666668,COMPLETE
voo-condicoes-normais,1208,120.81666666666668,COMPLETE
voo-condicoes-normais,1209,120.91666666666669,COMPLETE
voo-condicoes-normais,1210,121.01666666666668,COMPLETE
voo-condicoes-normais,1211,121.11666666666667,COMPLETE
voo-condicoes-normais,1212,121.21666666666668,COMPLETE
voo-condicoes-normais,1213,121.31666666666668,COMPLETE
voo-condicoes-normais,1214,121.41666666666669,COMPLETE
voo-condicoes-normais,1215,121.51666666666668,COMPLETE
voo-condicoes-normais,1216,121.61666666666667,COMPLETE
voo-condicoes-normais,1217,121.71666666666668,COMPLETE
voo-condicoes-normais,1218,121.81666666666668,COMPLETE
voo-condicoes-normais,1219,121.91666666666669,COMPLETE
voo-condicoes-normais,1220,122.01666666666668,COMPLETE
voo-condicoes-normais,1221,122.11666666666667,COMPLETE
voo-condicoes-normais,1222,122.21666666666668,COMPLETE
voo-condicoes-normais,1223,122.31666666666668,COMPLETE
voo-condicoes-normais,1224,122.41666666666669,COMPLETE
voo-condicoes-normais,1225,122.51666666666668,COMPLETE
voo-condicoes-normais,1226,122.61666666666667,COMPLETE
voo-condicoes-normais,1227,122.71666666666668,COMPLETE
voo-condicoes-normais,1228,122.81666666666668,COMPLETE
voo-normal2,908,90.816666667,CONTACT_CANDIDATE
voo-normal2,909,90.916666667,CONTACT_CANDIDATE
voo-normal2,910,91.016666667,CONTACT_CANDIDATE
voo-normal2,911,91.116666667,CONTACT_CANDIDATE
voo-normal2,912,91.216666667,CONTACT_CANDIDATE
voo-normal2,913,91.316666667,CONTACT_CANDIDATE
voo-normal2,914,91.416666667,CONTACT_CANDIDATE
voo-normal2,915,91.516666667,CONTACT_CANDIDATE
voo-normal2,916,91.616666667,CONTACT_CANDIDATE
voo-normal2,917,91.716666667,CONTACT_CANDIDATE
voo-normal2,918,91.816666667,CONTACT_CANDIDATE
voo-normal2,919,91.916666667,CONTACT_CANDIDATE
voo-normal2,920,92.016666667,CONTACT_CANDIDATE
voo-normal2,921,92.116666667,CONTACT_CANDIDATE
voo-normal2,922,92.216666667,CONTACT_CANDIDATE
voo-normal2,923,92.316666667,CONTACT_CANDIDATE
voo-normal2,924,92.416666667,CONTACT_CANDIDATE
voo-normal2,925,92.516666667,CONTACT_CANDIDATE
voo-normal2,926,92.616666667,CONTACT_CANDIDATE
voo-normal2,927,92.716666667,CONTACT_CANDIDATE
voo-normal2,928,92.816666667,CONTACT_CANDIDATE
voo-normal2,929,92.916666667,CONTACT_CANDIDATE
voo-normal2,930,93.016666667,CONTACT_CANDIDATE
voo-normal2,931,93.116666667,CONTACT_CANDIDATE
voo-normal2,932,93.216666667,CONTACT_CANDIDATE
voo-normal2,933,93.316666667,CONTACT_CANDIDATE
voo-normal2,934,93.416666667,CONTACT_CANDIDATE
voo-normal2,935,93.516666667,ROLLOUT
voo-normal2,936,93.616666667,ROLLOUT
voo-normal2,937,93.716666667,ROLLOUT
voo-normal2,938,93.816666667,ROLLOUT
voo-normal2,939,93.916666667,ROLLOUT
voo-normal2,940,94.016666667,ROLLOUT
voo-normal2,941,94.116666667,ROLLOUT
voo-normal2,942,94.216666667,ROLLOUT
voo-normal2,943,94.316666667,ROLLOUT
voo-normal2,944,94.416666667,ROLLOUT
voo-normal2,945,94.516666667,ROLLOUT
voo-normal2,946,94.616666667,ROLLOUT
voo-normal2,947,94.716666667,ROLLOUT
voo-normal2,948,94.816666667,ROLLOUT
voo-normal2,949,94.916666667,ROLLOUT
voo-normal2,950,95.016666667,ROLLOUT
voo-normal2,951,95.116666667,ROLLOUT
voo-normal2,952,95.216666667,ROLLOUT
voo-normal2,953,95.316666667,ROLLOUT
voo-normal2,954,95.416666667,ROLLOUT
voo-normal2,955,95.516666667,ROLLOUT
voo-normal2,956,95.616666667,ROLLOUT
voo-normal2,957,95.716666667,ROLLOUT
voo-normal2,958,95.816666667,ROLLOUT
voo-normal2,959,95.916666667,ROLLOUT
voo-normal2,960,96.016666667,ROLLOUT
voo-normal2,961,96.116666667,ROLLOUT
voo-normal2,962,96.216666667,ROLLOUT
voo-normal2,963,96.316666667,ROLLOUT
voo-normal2,964,96.416666667,ROLLOUT
voo-normal2,965,96.516666667,ROLLOUT
voo-normal2,966,96.616666667,ROLLOUT
voo-normal2,967,96.716666667,ROLLOUT
voo-normal2,968,96.816666667,ROLLOUT
voo-normal2,969,96.916666667,ROLLOUT
voo-normal2,970,97.016666667,ROLLOUT
voo-normal2,971,97.116666667,ROLLOUT
voo-normal2,972,97.216666667,ROLLOUT
voo-normal2,973,97.316666667,ROLLOUT
voo-normal2,974,97.416666667,ROLLOUT
voo-normal2,975,97.516666667,ROLLOUT
voo-normal2,976,97.616666667,ROLLOUT
voo-normal2,977,97.716666667,ROLLOUT
voo-normal2,978,97.816666667,ROLLOUT
voo-normal2,979,97.916666667,ROLLOUT
voo-normal2,980,98.016666667,ROLLOUT
voo-normal2,981,98.116666667,ROLLOUT
voo-normal2,982,98.216666667,ROLLOUT
voo-normal2,983,98.316666667,ROLLOUT
voo-normal2,984,98.416666667,ROLLOUT
voo-normal2,985,98.516666667,ROLLOUT
voo-normal2,986,98.616666667,ROLLOUT
voo-normal2,987,98.716666667,ROLLOUT
voo-normal2,988,98.816666667,ROLLOUT
voo-normal2,989,98.916666667,ROLLOUT
voo-normal2,990,99.016666667,ROLLOUT
voo-normal2,991,99.116666667,ROLLOUT
voo-normal2,992,99.216666667,ROLLOUT
voo-normal2,993,99.316666667,ROLLOUT
voo-normal2,994,99.416666667,ROLLOUT
voo-normal2,995,99.516666667,ROLLOUT
voo-normal2,996,99.616666667,ROLLOUT
voo-normal2,997,99.716666667,ROLLOUT
voo-normal2,998,99.816666667,ROLLOUT
voo-normal2,999,99.916666667,ROLLOUT
voo-normal2,1000,100.016666667,ROLLOUT
voo-normal2,1001,100.116666667,ROLLOUT
voo-normal2,1002,100.216666667,ROLLOUT
voo-normal2,1003,100.316666667,ROLLOUT
voo-normal2,1004,100.416666667,ROLLOUT
voo-normal2,1005,100.516666667,ROLLOUT
voo-normal2,1006,100.616666667,ROLLOUT
voo-normal2,1007,100.716666667,ROLLOUT
voo-normal2,1008,100.816666667,ROLLOUT
voo-normal2,1009,100.916666667,ROLLOUT
voo-normal2,1010,101.016666667,ROLLOUT
voo-normal2,1011,101.116666667,ROLLOUT
voo-normal2,1012,101.216666667,ROLLOUT
voo-normal2,1013,101.316666667,ROLLOUT
voo-normal2,1014,101.416666667,ROLLOUT
voo-normal2,1015,101.516666667,ROLLOUT
voo-normal2,1016,101.616666667,ROLLOUT
voo-normal2,1017,101.716666667,ROLLOUT
voo-normal2,1018,101.816666667,ROLLOUT
voo-normal2,1019,101.916666667,ROLLOUT
voo-normal2,1020,102.016666667,ROLLOUT
voo-normal2,1021,102.116666667,ROLLOUT
voo-normal2,1022,102.216666667,ROLLOUT
voo-normal2,1023,102.316666667,ROLLOUT
voo-normal2,1024,102.416666667,ROLLOUT
voo-normal2,1025,102.516666667,ROLLOUT
voo-normal2,1026,102.616666667,ROLLOUT
voo-normal2,1027,102.716666667,ROLLOUT
voo-normal2,1028,102.816666667,ROLLOUT
voo-normal2,1029,102.916666667,ROLLOUT
voo-normal2,1030,103.016666667,ROLLOUT
voo-normal2,1031,103.116666667,ROLLOUT
voo-normal2,1032,103.216666667,ROLLOUT
voo-normal2,1033,103.316666667,ROLLOUT
voo-normal2,1034,103.416666667,ROLLOUT
voo-normal2,1035,103.516666667,ROLLOUT
voo-normal2,1036,103.616666667,ROLLOUT
voo-normal2,1037,103.716666667,ROLLOUT
voo-normal2,1038,103.816666667,ROLLOUT
voo-normal2,1039,103.916666667,ROLLOUT
voo-normal2,1040,104.016666667,ROLLOUT
voo-normal2,1041,104.116666667,ROLLOUT
voo-normal2,1042,104.216666667,ROLLOUT
voo-normal2,1043,104.316666667,ROLLOUT
voo-normal2,1044,104.416666667,ROLLOUT
voo-normal2,1045,104.516666667,ROLLOUT
voo-normal2,1046,104.616666667,ROLLOUT
voo-normal2,1047,104.716666667,ROLLOUT
voo-normal2,1048,104.816666667,ROLLOUT
voo-normal2,1049,104.916666667,ROLLOUT
voo-normal2,1050,105.016666667,ROLLOUT
voo-normal2,1051,105.116666667,ROLLOUT
voo-normal2,1052,105.216666667,ROLLOUT
voo-normal2,1053,105.316666667,ROLLOUT
voo-normal2,1054,105.416666667,ROLLOUT
voo-normal2,1055,105.516666667,ROLLOUT
voo-normal2,1056,105.616666667,ROLLOUT
voo-normal2,1057,105.716666667,ROLLOUT
voo-normal2,1058,105.816666667,ROLLOUT
voo-normal2,1059,105.916666667,ROLLOUT
voo-normal2,1060,106.016666667,ROLLOUT
voo-normal2,1061,106.116666667,ROLLOUT
voo-normal2,1062,106.216666667,ROLLOUT
voo-normal2,1063,106.316666667,ROLLOUT
voo-normal2,1064,106.416666667,ROLLOUT
voo-normal2,1065,106.516666667,ROLLOUT
voo-normal2,1066,106.616666667,ROLLOUT
voo-normal2,1067,106.716666667,ROLLOUT
voo-normal2,1068,106.816666667,ROLLOUT
voo-normal2,1069,106.916666667,ROLLOUT
voo-normal2,1070,107.016666667,ROLLOUT
voo-normal2,1071,107.116666667,ROLLOUT
voo-normal2,1072,107.216666667,ROLLOUT
voo-normal2,1073,107.316666667,ROLLOUT
voo-normal2,1074,107.416666667,ROLLOUT
voo-normal2,1075,107.516666667,ROLLOUT
voo-normal2,1076,107.616666667,ROLLOUT
voo-normal2,1077,107.716666667,ROLLOUT
voo-normal2,1078,107.816666667,ROLLOUT
voo-normal2,1079,107.916666667,ROLLOUT
voo-normal2,1080,108.016666667,ROLLOUT
voo-normal2,1081,108.116666667,ROLLOUT
voo-normal2,1082,108.216666667,ROLLOUT
voo-normal2,1083,108.316666667,ROLLOUT
voo-normal2,1084,108.416666667,ROLLOUT
voo-normal2,1085,108.516666667,ROLLOUT
voo-normal2,1086,108.616666667,ROLLOUT
voo-normal2,1087,108.716666667,ROLLOUT
voo-normal2,1088,108.816666667,ROLLOUT
voo-normal2,1089,108.916666667,ROLLOUT
voo-normal2,1090,109.016666667,ROLLOUT
voo-normal2,1091,109.116666667,ROLLOUT
voo-normal2,1092,109.216666667,ROLLOUT
voo-normal2,1093,109.316666667,ROLLOUT
voo-normal2,1094,109.416666667,ROLLOUT
voo-normal2,1095,109.516666667,ROLLOUT
voo-normal2,1096,109.616666667,ROLLOUT
voo-normal2,1097,109.716666667,ROLLOUT
voo-normal2,1098,109.816666667,ROLLOUT
voo-normal2,1099,109.916666667,ROLLOUT
voo-normal2,1100,110.016666667,ROLLOUT
voo-normal2,1101,110.116666667,ROLLOUT
voo-normal2,1102,110.216666667,ROLLOUT
voo-normal2,1103,110.316666667,ROLLOUT
voo-normal2,1104,110.416666667,ROLLOUT
voo-normal2,1105,110.516666667,ROLLOUT
voo-normal2,1106,110.616666667,ROLLOUT
voo-normal2,1107,110.716666667,ROLLOUT
voo-normal2,1108,110.816666667,ROLLOUT
voo-normal2,1109,110.916666667,ROLLOUT
voo-normal2,1110,111.016666667,ROLLOUT
voo-normal2,1111,111.116666667,ROLLOUT
voo-normal2,1112,111.216666667,ROLLOUT
voo-normal2,1113,111.316666667,ROLLOUT
voo-normal2,1114,111.416666667,ROLLOUT
voo-normal2,1115,111.516666667,ROLLOUT
voo-normal2,1116,111.616666667,ROLLOUT
voo-normal2,1117,111.716666667,ROLLOUT
voo-normal2,1118,111.816666667,ROLLOUT
voo-normal2,1119,111.916666667,ROLLOUT
voo-normal2,1120,112.016666667,ROLLOUT
voo-normal2,1121,112.116666667,ROLLOUT
voo-normal2,1122,112.216666667,ROLLOUT
voo-normal2,1123,112.316666667,ROLLOUT
voo-normal2,1124,112.416666667,ROLLOUT
voo-normal2,1125,112.516666667,ROLLOUT
voo-normal2,1126,112.616666667,ROLLOUT
voo-normal2,1127,112.716666667,ROLLOUT
voo-normal2,1128,112.816666667,ROLLOUT
voo-normal2,1129,112.916666667,ROLLOUT
voo-normal2,1130,113.016666667,ROLLOUT
voo-normal2,1131,113.116666667,ROLLOUT
voo-normal2,1132,113.216666667,ROLLOUT
voo-normal2,1133,113.316666667,ROLLOUT
voo-normal2,1134,113.416666667,ROLLOUT
voo-normal2,1135,113.516666667,ROLLOUT
voo-normal2,1136,113.616666667,ROLLOUT
voo-normal2,1137,113.716666667,ROLLOUT
voo-normal2,1138,113.816666667,ROLLOUT
voo-normal2,1139,113.916666667,ROLLOUT
voo-normal2,1140,114.016666667,ROLLOUT
voo-normal2,1141,114.116666667,ROLLOUT
voo-normal2,1142,114.216666667,ROLLOUT
voo-normal2,1143,114.316666667,ROLLOUT
voo-normal2,1144,114.416666667,ROLLOUT
voo-normal2,1145,114.516666667,ROLLOUT
voo-normal2,1146,114.616666667,ROLLOUT
voo-normal2,1147,114.716666667,ROLLOUT
voo-normal2,1148,114.816666667,ROLLOUT
voo-normal2,1149,114.916666667,ROLLOUT
voo-normal2,1150,115.016666667,ROLLOUT
voo-normal2,1151,115.116666667,ROLLOUT
voo-normal2,1152,115.216666667,ROLLOUT
voo-normal2,1153,115.316666667,ROLLOUT
voo-normal2,1154,115.416666667,ROLLOUT
voo-normal2,1155,115.516666667,ROLLOUT
voo-normal2,1156,115.616666667,ROLLOUT
voo-normal2,1157,115.716666667,ROLLOUT
voo-normal2,1158,115.816666667,ROLLOUT
voo-normal2,1159,115.916666667,ROLLOUT
voo-normal2,1160,116.016666667,ROLLOUT
voo-normal2,1161,116.116666667,ROLLOUT
voo-normal2,1162,116.216666667,ROLLOUT
voo-normal2,1163,116.316666667,ROLLOUT
voo-normal2,1164,116.416666667,ROLLOUT
voo-normal2,1165,116.516666667,ROLLOUT
voo-normal2,1166,116.616666667,ROLLOUT
voo-normal2,1167,116.716666667,ROLLOUT
voo-normal2,1168,116.816666667,ROLLOUT
voo-normal2,1169,116.916666667,ROLLOUT
voo-normal2,1170,117.016666667,ROLLOUT
voo-normal2,1171,117.116666667,ROLLOUT
voo-normal2,1172,117.216666667,ROLLOUT
voo-normal2,1173,117.316666667,ROLLOUT
voo-normal2,1174,117.416666667,ROLLOUT
voo-normal2,1175,117.516666667,ROLLOUT
voo-normal2,1176,117.616666667,ROLLOUT
voo-normal2,1177,117.716666667,ROLLOUT
voo-normal2,1178,117.816666667,ROLLOUT
voo-normal2,1179,117.916666667,ROLLOUT
voo-normal2,1180,118.016666667,ROLLOUT
voo-normal2,1181,118.116666667,ROLLOUT
voo-normal2,1182,118.216666667,ROLLOUT
voo-normal2,1183,118.316666667,ROLLOUT
voo-normal2,1184,118.416666667,ROLLOUT
voo-normal2,1185,118.516666667,ROLLOUT
voo-normal2,1186,118.616666667,ROLLOUT
voo-normal2,1187,118.716666667,ROLLOUT
voo-normal2,1188,118.816666667,ROLLOUT
voo-normal2,1189,118.916666667,ROLLOUT
voo-normal2,1190,119.016666667,ROLLOUT
voo-normal2,1191,119.116666667,ROLLOUT
voo-normal2,1192,119.216666667,ROLLOUT
voo-normal2,1193,119.316666667,ROLLOUT
voo-normal2,1194,119.416666667,ROLLOUT
voo-normal2,1195,119.516666667,ROLLOUT
voo-normal2,1196,119.616666667,ROLLOUT
voo-normal2,1197,119.716666667,ROLLOUT
voo-normal2,1198,119.816666667,ROLLOUT
voo-normal2,1199,119.916666667,ROLLOUT
voo-normal2,1200,120.016666667,ROLLOUT
voo-normal2,1201,120.116666667,ROLLOUT
voo-normal2,1202,120.216666667,ROLLOUT
voo-normal2,1203,120.316666667,ROLLOUT
voo-normal2,1204,120.416666667,ROLLOUT
voo-normal2,1205,120.516666667,ROLLOUT
voo-normal2,1206,120.616666667,ROLLOUT
voo-normal2,1207,120.716666667,ROLLOUT
voo-normal2,1208,120.816666667,ROLLOUT
voo-normal2,1209,120.916666667,ROLLOUT
voo-normal2,1210,121.016666667,ROLLOUT
voo-normal2,1211,121.116666667,ROLLOUT
voo-normal2,1212,121.216666667,ROLLOUT
voo-normal2,1213,121.316666667,ROLLOUT
voo-normal2,1214,121.416666667,ROLLOUT
voo-normal2,1215,121.516666667,ROLLOUT
voo-normal2,1216,121.616666667,ROLLOUT
voo-normal2,1217,121.716666667,COMPLETE
voo-normal3,930,93.01666666666668,CONTACT_CANDIDATE
voo-normal3,944,94.41666666666669,CONTACT_CANDIDATE
voo-normal3,945,94.51666666666668,CONTACT_CANDIDATE
voo-normal3,946,94.61666666666667,CONTACT_CANDIDATE
voo-normal3,953,95.31666666666668,CONTACT_CANDIDATE
voo-normal3,954,95.41666666666669,CONTACT_CANDIDATE
voo-normal3,955,95.51666666666668,CONTACT_CANDIDATE
voo-normal3,956,95.61666666666667,CONTACT_CANDIDATE
voo-normal3,957,95.71666666666668,CONTACT_CANDIDATE
voo-normal3,958,95.81666666666668,CONTACT_CANDIDATE
voo-normal3,959,95.91666666666669,CONTACT_CANDIDATE
voo-normal3,960,96.01666666666668,ROLLOUT
voo-normal3,961,96.11666666666667,ROLLOUT
voo-normal3,962,96.21666666666668,ROLLOUT
voo-normal3,963,96.31666666666668,ROLLOUT
voo-normal3,964,96.41666666666669,ROLLOUT
voo-normal3,965,96.51666666666668,ROLLOUT
voo-normal3,966,96.61666666666667,ROLLOUT
voo-normal3,967,96.71666666666668,ROLLOUT
voo-normal3,968,96.81666666666668,ROLLOUT
voo-normal3,969,96.91666666666669,ROLLOUT
voo-normal3,970,97.01666666666668,ROLLOUT
voo-normal3,971,97.11666666666667,ROLLOUT
voo-normal3,972,97.21666666666668,ROLLOUT
voo-normal3,973,97.31666666666668,ROLLOUT
voo-normal3,974,97.41666666666669,ROLLOUT
voo-normal3,975,97.51666666666668,ROLLOUT
voo-normal3,976,97.61666666666667,ROLLOUT
voo-normal3,977,97.71666666666668,ROLLOUT
voo-normal3,978,97.81666666666668,ROLLOUT
voo-normal3,979,97.91666666666669,ROLLOUT
voo-normal3,980,98.01666666666668,ROLLOUT
voo-normal3,981,98.11666666666667,ROLLOUT
voo-normal3,982,98.21666666666668,ROLLOUT
voo-normal3,983,98.31666666666668,ROLLOUT
voo-normal3,984,98.41666666666669,ROLLOUT
voo-normal3,985,98.51666666666668,ROLLOUT
voo-normal3,986,98.61666666666667,ROLLOUT
voo-normal3,987,98.71666666666668,ROLLOUT
voo-normal3,988,98.81666666666668,ROLLOUT
voo-normal3,989,98.91666666666669,ROLLOUT
voo-normal3,990,99.01666666666668,ROLLOUT
voo-normal3,991,99.11666666666667,ROLLOUT
voo-normal3,992,99.21666666666668,ROLLOUT
voo-normal3,993,99.31666666666668,ROLLOUT
voo-normal3,994,99.41666666666669,ROLLOUT
voo-normal3,995,99.51666666666668,ROLLOUT
voo-normal3,996,99.61666666666667,ROLLOUT
voo-normal3,997,99.71666666666668,ROLLOUT
voo-normal3,998,99.81666666666668,ROLLOUT
voo-normal3,999,99.91666666666669,ROLLOUT
voo-normal3,1000,100.01666666666668,ROLLOUT
voo-normal3,1001,100.11666666666667,ROLLOUT
voo-normal3,1002,100.21666666666668,ROLLOUT
voo-normal3,1003,100.31666666666668,ROLLOUT
voo-normal3,1004,100.41666666666669,ROLLOUT
voo-normal3,1005,100.51666666666668,ROLLOUT
voo-normal3,1006,100.61666666666667,ROLLOUT
voo-normal3,1007,100.71666666666668,ROLLOUT
voo-normal3,1008,100.81666666666668,ROLLOUT
voo-normal3,1009,100.91666666666669,ROLLOUT
voo-normal3,1010,101.01666666666668,ROLLOUT
voo-normal3,1011,101.11666666666667,ROLLOUT
voo-normal3,1012,101.21666666666668,ROLLOUT
voo-normal3,1013,101.31666666666668,ROLLOUT
voo-normal3,1014,101.41666666666669,ROLLOUT
voo-normal3,1015,101.51666666666668,ROLLOUT
voo-normal3,1016,101.61666666666667,ROLLOUT
voo-normal3,1017,101.71666666666668,ROLLOUT
voo-normal3,1018,101.81666666666668,ROLLOUT
voo-normal3,1019,101.91666666666669,ROLLOUT
voo-normal3,1020,102.01666666666668,ROLLOUT
voo-normal3,1021,102.11666666666667,ROLLOUT
voo-normal3,1022,102.21666666666668,ROLLOUT
voo-normal3,1023,102.31666666666668,ROLLOUT
voo-normal3,1024,102.41666666666669,ROLLOUT
voo-normal3,1025,102.51666666666668,ROLLOUT
voo-normal3,1026,102.61666666666667,ROLLOUT
voo-normal3,1027,102.71666666666668,ROLLOUT
voo-normal3,1028,102.81666666666668,ROLLOUT
voo-normal3,1029,102.91666666666669,ROLLOUT
voo-normal3,1030,103.01666666666668,ROLLOUT
voo-normal3,1031,103.11666666666667,ROLLOUT
voo-normal3,1032,103.21666666666668,ROLLOUT
voo-normal3,1033,103.31666666666668,ROLLOUT
voo-normal3,1034,103.41666666666669,ROLLOUT
voo-normal3,1035,103.51666666666668,ROLLOUT
voo-normal3,1036,103.61666666666667,ROLLOUT
voo-normal3,1037,103.71666666666668,ROLLOUT
voo-normal3,1038,103.81666666666668,ROLLOUT
voo-normal3,1039,103.91666666666669,ROLLOUT
voo-normal3,1040,104.01666666666668,ROLLOUT
voo-normal3,1041,104.11666666666667,ROLLOUT
voo-normal3,1042,104.21666666666668,ROLLOUT
voo-normal3,1043,104.31666666666668,ROLLOUT
voo-normal3,1044,104.41666666666669,ROLLOUT
voo-normal3,1045,104.51666666666668,ROLLOUT
voo-normal3,1046,104.61666666666667,ROLLOUT
voo-normal3,1047,104.71666666666668,ROLLOUT
voo-normal3,1048,104.81666666666668,ROLLOUT
voo-normal3,1049,104.91666666666669,ROLLOUT
voo-normal3,1050,105.01666666666668,ROLLOUT
voo-normal3,1051,105.11666666666667,ROLLOUT
voo-normal3,1052,105.21666666666668,ROLLOUT
voo-normal3,1053,105.31666666666668,ROLLOUT
voo-normal3,1054,105.41666666666669,ROLLOUT
voo-normal3,1055,105.51666666666668,ROLLOUT
voo-normal3,1056,105.61666666666667,ROLLOUT
voo-normal3,1057,105.71666666666668,ROLLOUT
voo-normal3,1058,105.81666666666668,ROLLOUT
voo-normal3,1059,105.91666666666669,ROLLOUT
voo-normal3,1060,106.01666666666668,ROLLOUT
voo-normal3,1061,106.11666666666667,ROLLOUT
voo-normal3,1062,106.21666666666668,ROLLOUT
voo-normal3,1063,106.31666666666668,ROLLOUT
voo-normal3,1064,106.41666666666669,ROLLOUT
voo-normal3,1065,106.51666666666668,ROLLOUT
voo-normal3,1066,106.61666666666667,ROLLOUT
voo-normal3,1067,106.71666666666668,ROLLOUT
voo-normal3,1068,106.81666666666668,ROLLOUT
voo-normal3,1069,106.91666666666669,ROLLOUT
voo-normal3,1070,107.01666666666668,ROLLOUT
voo-normal3,1071,107.11666666666667,ROLLOUT
voo-normal3,1072,107.21666666666668,ROLLOUT
voo-normal3,1073,107.31666666666668,ROLLOUT
voo-normal3,1074,107.41666666666669,ROLLOUT
voo-normal3,1075,107.51666666666668,ROLLOUT
voo-normal3,1076,107.61666666666667,ROLLOUT
voo-normal3,1077,107.71666666666668,ROLLOUT
voo-normal3,1078,107.81666666666668,ROLLOUT
voo-normal3,1079,107.91666666666669,ROLLOUT
voo-normal3,1080,108.01666666666668,ROLLOUT
voo-normal3,1081,108.11666666666667,ROLLOUT
voo-normal3,1082,108.21666666666668,ROLLOUT
voo-normal3,1083,108.31666666666668,ROLLOUT
voo-normal3,1084,108.41666666666669,ROLLOUT
voo-normal3,1085,108.51666666666668,ROLLOUT
voo-normal3,1086,108.61666666666667,ROLLOUT
voo-normal3,1087,108.71666666666668,ROLLOUT
voo-normal3,1088,108.81666666666668,ROLLOUT
voo-normal3,1089,108.91666666666669,ROLLOUT
voo-normal3,1090,109.01666666666668,ROLLOUT
voo-normal3,1091,109.11666666666667,ROLLOUT
voo-normal3,1092,109.21666666666668,ROLLOUT
voo-normal3,1093,109.31666666666668,ROLLOUT
voo-normal3,1094,109.41666666666669,ROLLOUT
voo-normal3,1095,109.51666666666668,ROLLOUT
voo-normal3,1096,109.61666666666667,ROLLOUT
voo-normal3,1097,109.71666666666668,ROLLOUT
voo-normal3,1098,109.81666666666668,ROLLOUT
voo-normal3,1099,109.91666666666669,ROLLOUT
voo-normal3,1100,110.01666666666668,ROLLOUT
voo-normal3,1101,110.11666666666667,ROLLOUT
voo-normal3,1102,110.21666666666668,ROLLOUT
voo-normal3,1103,110.31666666666668,ROLLOUT
voo-normal3,1104,110.41666666666669,ROLLOUT
voo-normal3,1105,110.51666666666668,ROLLOUT
voo-normal3,1106,110.61666666666667,ROLLOUT
voo-normal3,1107,110.71666666666668,ROLLOUT
voo-normal3,1108,110.81666666666668,ROLLOUT
voo-normal3,1109,110.91666666666669,ROLLOUT
voo-normal3,1110,111.01666666666668,ROLLOUT
voo-normal3,1111,111.11666666666667,ROLLOUT
voo-normal3,1112,111.21666666666668,ROLLOUT
voo-normal3,1113,111.31666666666668,ROLLOUT
voo-normal3,1114,111.41666666666669,ROLLOUT
voo-normal3,1115,111.51666666666668,ROLLOUT
voo-normal3,1116,111.61666666666667,ROLLOUT
voo-normal3,1117,111.71666666666668,ROLLOUT
voo-normal3,1118,111.81666666666668,ROLLOUT
voo-normal3,1119,111.91666666666669,ROLLOUT
voo-normal3,1120,112.01666666666668,ROLLOUT
voo-normal3,1121,112.11666666666667,ROLLOUT
voo-normal3,1122,112.21666666666668,ROLLOUT
voo-normal3,1123,112.31666666666668,ROLLOUT
voo-normal3,1124,112.41666666666669,ROLLOUT
voo-normal3,1125,112.51666666666668,ROLLOUT
voo-normal3,1126,112.61666666666667,ROLLOUT
voo-normal3,1127,112.71666666666668,ROLLOUT
voo-normal3,1128,112.81666666666668,ROLLOUT
voo-normal3,1129,112.91666666666669,ROLLOUT
voo-normal3,1130,113.01666666666668,ROLLOUT
voo-normal3,1131,113.11666666666667,ROLLOUT
voo-normal3,1132,113.21666666666668,ROLLOUT
voo-normal3,1133,113.31666666666668,ROLLOUT
voo-normal3,1134,113.41666666666669,ROLLOUT
voo-normal3,1135,113.51666666666668,ROLLOUT
voo-normal3,1136,113.61666666666667,ROLLOUT
voo-normal3,1137,113.71666666666668,ROLLOUT
voo-normal3,1138,113.81666666666668,ROLLOUT
voo-normal3,1139,113.91666666666669,ROLLOUT
voo-normal3,1140,114.01666666666668,ROLLOUT
voo-normal3,1141,114.11666666666667,ROLLOUT
voo-normal3,1142,114.21666666666668,ROLLOUT
voo-normal3,1143,114.31666666666668,ROLLOUT
voo-normal3,1144,114.41666666666669,ROLLOUT
voo-normal3,1145,114.51666666666668,ROLLOUT
voo-normal3,1146,114.61666666666667,ROLLOUT
voo-normal3,1147,114.71666666666668,ROLLOUT
voo-normal3,1148,114.81666666666668,ROLLOUT
voo-normal3,1149,114.91666666666669,ROLLOUT
voo-normal3,1150,115.01666666666668,ROLLOUT
voo-normal3,1151,115.11666666666667,ROLLOUT
voo-normal3,1152,115.21666666666668,ROLLOUT
voo-normal3,1153,115.31666666666668,ROLLOUT
voo-normal3,1154,115.41666666666669,ROLLOUT
voo-normal3,1155,115.51666666666668,ROLLOUT
voo-normal3,1156,115.61666666666667,ROLLOUT
voo-normal3,1157,115.71666666666668,ROLLOUT
voo-normal3,1158,115.81666666666668,ROLLOUT
voo-normal3,1159,115.91666666666669,ROLLOUT
voo-normal3,1160,116.01666666666668,ROLLOUT
voo-normal3,1161,116.11666666666667,ROLLOUT
voo-normal3,1162,116.21666666666668,ROLLOUT
voo-normal3,1163,116.31666666666668,ROLLOUT
voo-normal3,1164,116.41666666666669,ROLLOUT
voo-normal3,1165,116.51666666666668,ROLLOUT
voo-normal3,1166,116.61666666666667,ROLLOUT
voo-normal3,1167,116.71666666666668,ROLLOUT
voo-normal3,1168,116.81666666666668,ROLLOUT
voo-normal3,1169,116.91666666666669,ROLLOUT
voo-normal3,1170,117.01666666666668,ROLLOUT
voo-normal3,1171,117.11666666666667,ROLLOUT
voo-normal3,1172,117.21666666666668,ROLLOUT
voo-normal3,1173,117.31666666666668,ROLLOUT
voo-normal3,1174,117.41666666666669,ROLLOUT
voo-normal3,1175,117.51666666666668,ROLLOUT
voo-normal3,1176,117.61666666666667,ROLLOUT
voo-normal3,1177,117.71666666666668,ROLLOUT
voo-normal3,1178,117.81666666666668,ROLLOUT
voo-normal3,1179,117.91666666666669,ROLLOUT
voo-normal3,1180,118.01666666666668,ROLLOUT
voo-normal3,1181,118.11666666666667,ROLLOUT
voo-normal3,1182,118.21666666666668,ROLLOUT
voo-normal3,1183,118.31666666666668,ROLLOUT
voo-normal3,1184,118.41666666666669,ROLLOUT
voo-normal3,1185,118.51666666666668,ROLLOUT
voo-normal3,1186,118.61666666666667,ROLLOUT
voo-normal3,1187,118.71666666666668,ROLLOUT
voo-normal3,1188,118.81666666666668,ROLLOUT
voo-normal3,1189,118.91666666666669,ROLLOUT
voo-normal3,1190,119.01666666666668,ROLLOUT
voo-normal3,1191,119.11666666666667,ROLLOUT
voo-normal3,1192,119.21666666666668,ROLLOUT
voo-normal3,1193,119.31666666666668,ROLLOUT
voo-normal3,1194,119.41666666666669,ROLLOUT
voo-normal3,1195,119.51666666666668,ROLLOUT
voo-normal3,1196,119.61666666666667,ROLLOUT
voo-normal3,1197,119.71666666666668,ROLLOUT
voo-normal3,1198,119.81666666666668,ROLLOUT
voo-normal3,1199,119.91666666666669,ROLLOUT
voo-normal3,1200,120.01666666666668,ROLLOUT
voo-normal3,1201,120.11666666666667,ROLLOUT
voo-normal3,1202,120.21666666666668,ROLLOUT
voo-normal3,1203,120.31666666666668,ROLLOUT
voo-normal3,1204,120.41666666666669,ROLLOUT
voo-normal3,1205,120.51666666666668,ROLLOUT
voo-normal3,1206,120.61666666666667,ROLLOUT
voo-normal3,1207,120.71666666666668,ROLLOUT
voo-normal3,1208,120.81666666666668,ROLLOUT
voo-normal3,1209,120.91666666666669,ROLLOUT
voo-normal3,1210,121.01666666666668,ROLLOUT
voo-normal3,1211,121.11666666666667,ROLLOUT
voo-normal3,1212,121.21666666666668,ROLLOUT
voo-normal3,1213,121.31666666666668,ROLLOUT
voo-normal3,1214,121.41666666666669,ROLLOUT
voo-normal3,1215,121.51666666666668,ROLLOUT
voo-normal3,1216,121.61666666666667,ROLLOUT
voo-normal3,1217,121.71666666666668,ROLLOUT
voo-normal3,1218,121.81666666666668,ROLLOUT
voo-normal3,1219,121.91666666666669,ROLLOUT
voo-normal3,1220,122.01666666666668,ROLLOUT
voo-normal3,1221,122.11666666666667,ROLLOUT
voo-normal3,1222,122.21666666666668,ROLLOUT
voo-normal3,1223,122.31666666666668,ROLLOUT
voo-normal3,1224,122.41666666666669,ROLLOUT
voo-normal3,1225,122.51666666666668,ROLLOUT
voo-normal3,1226,122.61666666666667,ROLLOUT
voo-normal3,1227,122.71666666666668,ROLLOUT
voo-normal3,1228,122.81666666666668,ROLLOUT
voo-normal3,1229,122.91666666666669,ROLLOUT
voo-normal3,1230,123.01666666666668,ROLLOUT
voo-normal3,1231,123.11666666666667,ROLLOUT
voo-normal3,1232,123.21666666666668,ROLLOUT
voo-normal3,1233,123.31666666666668,ROLLOUT
voo-normal3,1234,123.41666666666669,ROLLOUT
voo-normal3,1235,123.51666666666668,ROLLOUT
voo-normal3,1236,123.61666666666667,ROLLOUT
voo-normal3,1237,123.71666666666668,ROLLOUT
voo-normal3,1238,123.81666666666668,ROLLOUT
voo-normal3,1239,123.91666666666669,ROLLOUT
voo-normal3,1240,124.01666666666668,ROLLOUT
voo-normal3,1241,124.11666666666667,ROLLOUT
voo-normal3,1242,124.21666666666668,ROLLOUT
voo-normal3,1243,124.31666666666668,ROLLOUT
voo-normal3,1244,124.41666666666669,ROLLOUT
voo-normal3,1245,124.51666666666668,COMPLETE
voo2-com-8-nos,981,98.11666666666667,CONTACT_CANDIDATE
voo2-com-8-nos,982,98.21666666666668,CONTACT_CANDIDATE
voo2-com-8-nos,983,98.31666666666668,CONTACT_CANDIDATE
voo2-com-8-nos,1000,100.01666666666668,CONTACT_CANDIDATE
voo2-com-8-nos,1001,100.11666666666667,CONTACT_CANDIDATE
voo2-com-8-nos,1002,100.21666666666668,CONTACT_CANDIDATE
voo2-com-8-nos,1003,100.31666666666668,CONTACT_CANDIDATE
voo2-com-8-nos,1004,100.41666666666669,CONTACT_CANDIDATE
voo2-com-8-nos,1009,100.91666666666669,CONTACT_CANDIDATE
voo2-com-8-nos,1010,101.01666666666668,CONTACT_CANDIDATE
voo2-com-8-nos,1011,101.11666666666667,CONTACT_CANDIDATE
voo2-com-8-nos,1012,101.21666666666668,CONTACT_CANDIDATE
voo2-com-8-nos,1013,101.31666666666668,CONTACT_CANDIDATE
voo2-com-8-nos,1014,101.41666666666669,CONTACT_CANDIDATE
voo2-com-8-nos,1015,101.51666666666668,CONTACT_CANDIDATE
voo2-com-8-nos,1016,101.61666666666667,CONTACT_CANDIDATE
voo2-com-8-nos,1017,101.71666666666668,CONTACT_CANDIDATE
voo2-com-8-nos,1018,101.81666666666668,CONTACT_CANDIDATE
voo2-com-8-nos,1019,101.91666666666669,CONTACT_CANDIDATE
voo2-com-8-nos,1020,102.01666666666668,CONTACT_CANDIDATE
voo2-com-8-nos,1021,102.11666666666667,CONTACT_CANDIDATE
voo2-com-8-nos,1022,102.21666666666668,CONTACT_CANDIDATE
voo2-com-8-nos,1023,102.31666666666668,CONTACT_CANDIDATE
voo2-com-8-nos,1024,102.41666666666669,CONTACT_CANDIDATE
voo2-com-8-nos,1025,102.51666666666668,CONTACT_CANDIDATE
voo2-com-8-nos,1026,102.61666666666667,CONTACT_CANDIDATE
voo2-com-8-nos,1027,102.71666666666668,CONTACT_CANDIDATE
voo2-com-8-nos,1028,102.81666666666668,CONTACT_CANDIDATE
voo2-com-8-nos,1029,102.91666666666669,CONTACT_CANDIDATE
voo2-com-8-nos,1030,103.01666666666668,CONTACT_CANDIDATE
voo2-com-8-nos,1031,103.11666666666667,CONTACT_CANDIDATE
voo2-com-8-nos,1032,103.21666666666668,CONTACT_CANDIDATE
voo2-com-8-nos,1033,103.31666666666668,CONTACT_CANDIDATE
voo2-com-8-nos,1034,103.41666666666669,CONTACT_CANDIDATE
voo2-com-8-nos,1035,103.51666666666668,CONTACT_CANDIDATE
voo2-com-8-nos,1036,103.61666666666667,CONTACT_CANDIDATE
voo2-com-8-nos,1037,103.71666666666668,CONTACT_CANDIDATE
voo2-com-8-nos,1038,103.81666666666668,CONTACT_CANDIDATE
voo2-com-8-nos,1039,103.91666666666669,CONTACT_CANDIDATE
voo2-com-8-nos,1040,104.01666666666668,CONTACT_CANDIDATE
voo2-com-8-nos,1041,104.11666666666667,CONTACT_CANDIDATE
voo2-com-8-nos,1042,104.21666666666668,CONTACT_CANDIDATE
voo2-com-8-nos,1043,104.31666666666668,CONTACT_CANDIDATE
voo2-com-8-nos,1044,104.41666666666669,CONTACT_CANDIDATE
voo2-com-8-nos,1045,104.51666666666668,CONTACT_CANDIDATE
voo2-com-8-nos,1046,104.61666666666667,CONTACT_CANDIDATE
voo2-com-8-nos,1047,104.71666666666668,CONTACT_CANDIDATE
voo2-com-8-nos,1048,104.81666666666668,CONTACT_CANDIDATE
voo2-com-8-nos,1049,104.91666666666669,CONTACT_CANDIDATE
voo2-com-8-nos,1050,105.01666666666668,CONTACT_CANDIDATE
voo2-com-8-nos,1051,105.11666666666667,CONTACT_CANDIDATE
voo2-com-8-nos,1052,105.21666666666668,CONTACT_CANDIDATE
voo2-com-8-nos,1053,105.31666666666668,ROLLOUT
voo2-com-8-nos,1054,105.41666666666669,ROLLOUT
voo2-com-8-nos,1055,105.51666666666668,ROLLOUT
voo2-com-8-nos,1056,105.61666666666667,ROLLOUT
voo2-com-8-nos,1057,105.71666666666668,ROLLOUT
voo2-com-8-nos,1058,105.81666666666668,ROLLOUT
voo2-com-8-nos,1059,105.91666666666669,ROLLOUT
voo2-com-8-nos,1060,106.01666666666668,ROLLOUT
voo2-com-8-nos,1061,106.11666666666667,ROLLOUT
voo2-com-8-nos,1062,106.21666666666668,ROLLOUT
voo2-com-8-nos,1063,106.31666666666668,ROLLOUT
voo2-com-8-nos,1064,106.41666666666669,ROLLOUT
voo2-com-8-nos,1065,106.51666666666668,ROLLOUT
voo2-com-8-nos,1066,106.61666666666667,ROLLOUT
voo2-com-8-nos,1067,106.71666666666668,ROLLOUT
voo2-com-8-nos,1068,106.81666666666668,ROLLOUT
voo2-com-8-nos,1069,106.91666666666669,ROLLOUT
voo2-com-8-nos,1070,107.01666666666668,ROLLOUT
voo2-com-8-nos,1071,107.11666666666667,ROLLOUT
voo2-com-8-nos,1072,107.21666666666668,ROLLOUT
voo2-com-8-nos,1073,107.31666666666668,ROLLOUT
voo2-com-8-nos,1074,107.41666666666669,ROLLOUT
voo2-com-8-nos,1075,107.51666666666668,ROLLOUT
voo2-com-8-nos,1076,107.61666666666667,ROLLOUT
voo2-com-8-nos,1077,107.71666666666668,ROLLOUT
voo2-com-8-nos,1078,107.81666666666668,ROLLOUT
voo2-com-8-nos,1079,107.91666666666669,ROLLOUT
voo2-com-8-nos,1080,108.01666666666668,ROLLOUT
voo2-com-8-nos,1081,108.11666666666667,ROLLOUT
voo2-com-8-nos,1082,108.21666666666668,ROLLOUT
voo2-com-8-nos,1083,108.31666666666668,ROLLOUT
voo2-com-8-nos,1084,108.41666666666669,ROLLOUT
voo2-com-8-nos,1085,108.51666666666668,ROLLOUT
voo2-com-8-nos,1086,108.61666666666667,ROLLOUT
voo2-com-8-nos,1087,108.71666666666668,ROLLOUT
voo2-com-8-nos,1088,108.81666666666668,ROLLOUT
voo2-com-8-nos,1089,108.91666666666669,ROLLOUT
voo2-com-8-nos,1090,109.01666666666668,ROLLOUT
voo2-com-8-nos,1091,109.11666666666667,ROLLOUT
voo2-com-8-nos,1092,109.21666666666668,ROLLOUT
voo2-com-8-nos,1093,109.31666666666668,ROLLOUT
voo2-com-8-nos,1094,109.41666666666669,ROLLOUT
voo2-com-8-nos,1095,109.51666666666668,ROLLOUT
voo2-com-8-nos,1096,109.61666666666667,ROLLOUT
voo2-com-8-nos,1097,109.71666666666668,ROLLOUT
voo2-com-8-nos,1098,109.81666666666668,ROLLOUT
voo2-com-8-nos,1099,109.91666666666669,ROLLOUT
voo2-com-8-nos,1100,110.01666666666668,ROLLOUT
voo2-com-8-nos,1101,110.11666666666667,ROLLOUT
voo2-com-8-nos,1102,110.21666666666668,ROLLOUT
voo2-com-8-nos,1103,110.31666666666668,ROLLOUT
voo2-com-8-nos,1104,110.41666666666669,ROLLOUT
voo2-com-8-nos,1105,110.51666666666668,ROLLOUT
voo2-com-8-nos,1106,110.61666666666667,ROLLOUT
voo2-com-8-nos,1107,110.71666666666668,ROLLOUT
voo2-com-8-nos,1108,110.81666666666668,ROLLOUT
voo2-com-8-nos,1109,110.91666666666669,ROLLOUT
voo2-com-8-nos,1110,111.01666666666668,ROLLOUT
voo2-com-8-nos,1111,111.11666666666667,ROLLOUT
voo2-com-8-nos,1112,111.21666666666668,ROLLOUT
voo2-com-8-nos,1113,111.31666666666668,ROLLOUT
voo2-com-8-nos,1114,111.41666666666669,ROLLOUT
voo2-com-8-nos,1115,111.51666666666668,ROLLOUT
voo2-com-8-nos,1116,111.61666666666667,ROLLOUT
voo2-com-8-nos,1117,111.71666666666668,ROLLOUT
voo2-com-8-nos,1118,111.81666666666668,ROLLOUT
voo2-com-8-nos,1119,111.91666666666669,ROLLOUT
voo2-com-8-nos,1120,112.01666666666668,ROLLOUT
voo2-com-8-nos,1121,112.11666666666667,ROLLOUT
voo2-com-8-nos,1122,112.21666666666668,ROLLOUT
voo2-com-8-nos,1123,112.31666666666668,ROLLOUT
voo2-com-8-nos,1124,112.41666666666669,ROLLOUT
voo2-com-8-nos,1125,112.51666666666668,ROLLOUT
voo2-com-8-nos,1126,112.61666666666667,ROLLOUT
voo2-com-8-nos,1127,112.71666666666668,ROLLOUT
voo2-com-8-nos,1128,112.81666666666668,ROLLOUT
voo2-com-8-nos,1129,112.91666666666669,ROLLOUT
voo2-com-8-nos,1130,113.01666666666668,ROLLOUT
voo2-com-8-nos,1131,113.11666666666667,ROLLOUT
voo2-com-8-nos,1132,113.21666666666668,ROLLOUT
voo2-com-8-nos,1133,113.31666666666668,ROLLOUT
voo2-com-8-nos,1134,113.41666666666669,ROLLOUT
voo2-com-8-nos,1135,113.51666666666668,ROLLOUT
voo2-com-8-nos,1136,113.61666666666667,ROLLOUT
voo2-com-8-nos,1137,113.71666666666668,ROLLOUT
voo2-com-8-nos,1138,113.81666666666668,ROLLOUT
voo2-com-8-nos,1139,113.91666666666669,ROLLOUT
voo2-com-8-nos,1140,114.01666666666668,ROLLOUT
voo2-com-8-nos,1141,114.11666666666667,ROLLOUT
voo2-com-8-nos,1142,114.21666666666668,ROLLOUT
voo2-com-8-nos,1143,114.31666666666668,ROLLOUT
voo2-com-8-nos,1144,114.41666666666669,ROLLOUT
voo2-com-8-nos,1145,114.51666666666668,ROLLOUT
voo2-com-8-nos,1146,114.61666666666667,ROLLOUT
voo2-com-8-nos,1147,114.71666666666668,ROLLOUT
voo2-com-8-nos,1148,114.81666666666668,ROLLOUT
voo2-com-8-nos,1149,114.91666666666669,ROLLOUT
voo2-com-8-nos,1150,115.01666666666668,ROLLOUT
voo2-com-8-nos,1151,115.11666666666667,ROLLOUT
voo2-com-8-nos,1152,115.21666666666668,ROLLOUT
voo2-com-8-nos,1153,115.31666666666668,ROLLOUT
voo2-com-8-nos,1154,115.41666666666669,ROLLOUT
voo2-com-8-nos,1155,115.51666666666668,ROLLOUT
voo2-com-8-nos,1156,115.61666666666667,ROLLOUT
voo2-com-8-nos,1157,115.71666666666668,ROLLOUT
voo2-com-8-nos,1158,115.81666666666668,ROLLOUT
voo2-com-8-nos,1159,115.91666666666669,ROLLOUT
voo2-com-8-nos,1160,116.01666666666668,ROLLOUT
voo2-com-8-nos,1161,116.11666666666667,ROLLOUT
voo2-com-8-nos,1162,116.21666666666668,ROLLOUT
voo2-com-8-nos,1163,116.31666666666668,ROLLOUT
voo2-com-8-nos,1164,116.41666666666669,ROLLOUT
voo2-com-8-nos,1165,116.51666666666668,ROLLOUT
voo2-com-8-nos,1166,116.61666666666667,ROLLOUT
voo2-com-8-nos,1167,116.71666666666668,ROLLOUT
voo2-com-8-nos,1168,116.81666666666668,COMPLETE
voo2-com-8-nos,1169,116.91666666666669,COMPLETE
voo2-com-8-nos,1170,117.01666666666668,COMPLETE
voo2-com-8-nos,1171,117.11666666666667,COMPLETE
voo2-com-8-nos,1172,117.21666666666668,COMPLETE
voo2-com-8-nos,1173,117.31666666666668,COMPLETE
voo2-com-8-nos,1174,117.41666666666669,COMPLETE
voo2-com-8-nos,1175,117.51666666666668,COMPLETE
voo2-com-8-nos,1176,117.61666666666667,COMPLETE
voo2-com-8-nos,1177,117.71666666666668,COMPLETE
voo2-com-8-nos,1178,117.81666666666668,COMPLETE
voo2-com-8-nos,1179,117.91666666666669,COMPLETE
voo2-com-8-nos,1180,118.01666666666668,COMPLETE
voo2-com-8-nos,1181,118.11666666666667,COMPLETE
voo2-com-8-nos,1182,118.21666666666668,COMPLETE
voo2-com-8-nos,1183,118.31666666666668,COMPLETE
voo2-com-8-nos,1184,118.41666666666669,COMPLETE
voo2-com-8-nos,1185,118.51666666666668,COMPLETE
voo2-com-8-nos,1186,118.61666666666667,COMPLETE
voo2-com-8-nos,1187,118.71666666666668,COMPLETE
voo2-com-8-nos,1188,118.81666666666668,COMPLETE
voo2-com-8-nos,1189,118.91666666666669,COMPLETE
voo2-com-8-nos,1190,119.01666666666668,COMPLETE
voo2-com-8-nos,1191,119.11666666666667,COMPLETE
voo2-com-8-nos,1192,119.21666666666668,COMPLETE
voo2-com-8-nos,1193,119.31666666666668,COMPLETE
voo2-com-8-nos,1194,119.41666666666669,COMPLETE
voo2-com-8-nos,1195,119.51666666666668,COMPLETE
voo2-com-8-nos,1196,119.61666666666667,COMPLETE
voo2-com-8-nos,1197,119.71666666666668,COMPLETE
voo2-com-8-nos,1198,119.81666666666668,COMPLETE
voo2-com-8-nos,1199,119.91666666666669,COMPLETE
voo2-com-8-nos,1200,120.01666666666668,COMPLETE
voo2-com-8-nos,1201,120.11666666666667,COMPLETE
voo2-com-8-nos,1202,120.21666666666668,COMPLETE
voo2-com-8-nos,1203,120.31666666666668,COMPLETE
voo2-com-8-nos,1204,120.41666666666669,COMPLETE
voo2-com-8-nos,1205,120.51666666666668,COMPLETE
voo2-com-8-nos,1206,120.61666666666667,COMPLETE
voo2-com-8-nos,1207,120.71666666666668,COMPLETE
voo2-com-8-nos,1208,120.81666666666668,COMPLETE
voo2-com-8-nos,1209,120.91666666666669,COMPLETE
voo2-com-8-nos,1210,121.01666666666668,COMPLETE
voo2-com-8-nos,1211,121.11666666666667,COMPLETE
voo2-com-8-nos,1212,121.21666666666668,COMPLETE
voo2-com-8-nos,1213,121.31666666666668,COMPLETE
voo2-com-8-nos,1214,121.41666666666669,COMPLETE
voo2-com-8-nos,1215,121.51666666666668,COMPLETE
voo2-com-8-nos,1216,121.61666666666667,COMPLETE
voo2-com-8-nos,1217,121.71666666666668,COMPLETE
voo2-com-8-nos,1218,121.81666666666668,COMPLETE
voo2-com-8-nos,1219,121.91666666666669,COMPLETE
voo2-com-8-nos,1220,122.01666666666668,COMPLETE
voo2-com-8-nos,1221,122.11666666666667,COMPLETE
voo2-com-8-nos,1222,122.21666666666668,COMPLETE
voo2-com-8-nos,1223,122.31666666666668,COMPLETE
voo2-com-8-nos,1224,122.41666666666669,COMPLETE
voo2-com-8-nos,1225,122.51666666666668,COMPLETE
voo2-com-8-nos,1226,122.61666666666667,COMPLETE
voo2-com-8-nos,1227,122.71666666666668,COMPLETE
